-- MySQL dump 10.13  Distrib 5.7.17, for Linux (x86_64)
--
-- Host: localhost    Database: niesa
-- ------------------------------------------------------
-- Server version	5.7.17-0ubuntu0.16.04.1

/*!40101 SET @OLD_CHARACTER_SET_CLIENT=@@CHARACTER_SET_CLIENT */;
/*!40101 SET @OLD_CHARACTER_SET_RESULTS=@@CHARACTER_SET_RESULTS */;
/*!40101 SET @OLD_COLLATION_CONNECTION=@@COLLATION_CONNECTION */;
/*!40101 SET NAMES utf8 */;
/*!40103 SET @OLD_TIME_ZONE=@@TIME_ZONE */;
/*!40103 SET TIME_ZONE='+00:00' */;
/*!40014 SET @OLD_UNIQUE_CHECKS=@@UNIQUE_CHECKS, UNIQUE_CHECKS=0 */;
/*!40014 SET @OLD_FOREIGN_KEY_CHECKS=@@FOREIGN_KEY_CHECKS, FOREIGN_KEY_CHECKS=0 */;
/*!40101 SET @OLD_SQL_MODE=@@SQL_MODE, SQL_MODE='NO_AUTO_VALUE_ON_ZERO' */;
/*!40111 SET @OLD_SQL_NOTES=@@SQL_NOTES, SQL_NOTES=0 */;

--
-- Table structure for table `material_cargo`
--

DROP TABLE IF EXISTS `material_cargo`;
/*!40101 SET @saved_cs_client     = @@character_set_client */;
/*!40101 SET character_set_client = utf8 */;
CREATE TABLE `material_cargo` (
  `folio` varchar(15) COLLATE utf8_spanish_ci NOT NULL,
  `mano_obra` int(11) DEFAULT NULL,
  `partes_iva` decimal(10,2) DEFAULT NULL,
  `observaciones` varchar(100) COLLATE utf8_spanish_ci DEFAULT NULL,
  `importe` decimal(10,2) DEFAULT NULL,
  PRIMARY KEY (`folio`)
) ENGINE=InnoDB DEFAULT CHARSET=utf8 COLLATE=utf8_spanish_ci;
/*!40101 SET character_set_client = @saved_cs_client */;

--
-- Dumping data for table `material_cargo`
--

LOCK TABLES `material_cargo` WRITE;
/*!40000 ALTER TABLE `material_cargo` DISABLE KEYS */;
INSERT INTO `material_cargo` VALUES (' 778-XV',NULL,87.42,NULL,NULL),('001-XVII',NULL,821.89,NULL,NULL),('001-XVIIP',NULL,NULL,NULL,0.00),('002-XVII',NULL,230.38,NULL,1200.00),('002-XVIIF',NULL,NULL,NULL,700.00),('002-XVIIG',NULL,162.12,NULL,NULL),('002-XVIP',NULL,NULL,NULL,0.00),('003-XVII',NULL,NULL,NULL,1200.00),('003-XVIICD',NULL,129.63,NULL,NULL),('003-XVIID',NULL,1159.13,NULL,NULL),('003-XVIIF',NULL,NULL,NULL,0.00),('003-XVIIP',NULL,NULL,NULL,0.00),('004-XVII',NULL,NULL,NULL,696.00),('004-XVIIF',NULL,NULL,NULL,580.00),('004-XVIP',NULL,NULL,NULL,0.00),('004-XVIPD',NULL,NULL,NULL,0.00),('005-XVII',NULL,385.17,NULL,NULL),('005-XVIIP',NULL,NULL,NULL,0.00),('006-XVII',NULL,805.97,NULL,2200.00),('006-XVIIF',NULL,1700.36,NULL,4100.00),('006-XVIIP',NULL,NULL,NULL,0.00),('007-XVII',NULL,NULL,NULL,900.00),('007-XVIIF',NULL,NULL,NULL,900.00),('007-XVIIG',NULL,846.01,NULL,NULL),('007-XVIIP',NULL,NULL,NULL,0.00),('007.XVIIP',NULL,NULL,NULL,0.00),('008-XVD',NULL,1755.86,NULL,NULL),('008-XVII',NULL,NULL,NULL,700.00),('008-XVIIP',NULL,NULL,NULL,0.00),('009-XVII',NULL,610.17,NULL,2300.00),('009-XVIIF',NULL,NULL,NULL,300.00),('009-XVIIP',NULL,NULL,NULL,0.00),('010-XVII',NULL,NULL,NULL,1500.00),('010-XVIIF',NULL,NULL,NULL,0.00),('010-XVIIP',NULL,NULL,NULL,0.00),('011-XVII',NULL,NULL,NULL,0.00),('011-XVIID',NULL,169.35,NULL,NULL),('011-XVIIF',NULL,519.74,NULL,NULL),('011-XVIIP',NULL,NULL,NULL,0.00),('011-XVIIP-1',NULL,NULL,NULL,0.00),('011-XVIIP-2',NULL,NULL,NULL,0.00),('011-XVIIP-3',NULL,NULL,NULL,0.00),('011-XVIIP-4',NULL,NULL,NULL,0.00),('011-XVIIP-5',NULL,NULL,NULL,0.00),('011-XVIIP-6',NULL,NULL,NULL,0.00),('011-XVIIP-7',NULL,NULL,NULL,0.00),('011-XVIIP-8',NULL,NULL,NULL,0.00),('011-XVIIP-9',NULL,NULL,NULL,0.00),('012-XVII',NULL,NULL,NULL,0.00),('012-XVIIP',NULL,NULL,NULL,0.00),('013-XVII',NULL,NULL,NULL,300.00),('013-XVIIP',NULL,NULL,NULL,0.00),('014-XVII',NULL,NULL,NULL,300.00),('014-XVIICD',NULL,127.88,NULL,NULL),('015-XVII',NULL,NULL,NULL,500.00),('015-XVIIF',NULL,519.74,NULL,NULL),('016-XVII',NULL,NULL,NULL,0.00),('016-XVIIF',NULL,NULL,NULL,300.00),('017-XVII',NULL,NULL,NULL,0.00),('017-XVIIF',NULL,546.38,NULL,300.00),('018-XVIF',NULL,2228.13,NULL,NULL),('018-XVII',NULL,NULL,NULL,0.00),('019-XVII',NULL,NULL,NULL,0.00),('019-XVIIF',NULL,NULL,NULL,900.00),('020-XVII',NULL,NULL,NULL,0.00),('020-XVIIF',NULL,NULL,NULL,900.00),('021-XVII',NULL,397.29,NULL,1500.00),('022-XVII',NULL,NULL,NULL,1500.00),('022-XVIIF',NULL,7098.36,NULL,7950.00),('022-XVIIP',NULL,NULL,NULL,0.00),('023-XVII',NULL,1118.58,NULL,0.00),('023-XVIID',NULL,7169.99,NULL,NULL),('023-XVIIF',NULL,130.38,NULL,3200.00),('024-XVII',NULL,88.44,NULL,1500.00),('024-XVIIF',NULL,NULL,NULL,900.00),('025-XVII',NULL,NULL,NULL,0.00),('025-XVIIF',NULL,NULL,NULL,0.00),('026-XVII',NULL,1118.58,NULL,2500.00),('026-XVIIF',NULL,NULL,NULL,800.00),('027-XVIIF',NULL,NULL,NULL,400.00),('028-XVII',NULL,NULL,NULL,450.00),('029-XVII',NULL,NULL,NULL,300.00),('030-XVII',NULL,NULL,NULL,0.00),('030-XVIIF',NULL,NULL,NULL,0.00),('031-XVII',NULL,NULL,NULL,400.00),('031-XVIIF',NULL,NULL,NULL,1700.00),('032-XVII',NULL,NULL,NULL,400.00),('032-XVIIF',NULL,NULL,NULL,300.00),('033-XVII',NULL,447.12,NULL,1496.00),('034-XVII',NULL,NULL,NULL,400.00),('034-XVIIF',NULL,NULL,NULL,1200.00),('035-XVII',NULL,NULL,NULL,2200.00),('035-XVIIF',NULL,NULL,NULL,0.00),('036-XVII',NULL,NULL,NULL,0.00),('037-XVII',NULL,NULL,NULL,928.00),('037-XVIIF',NULL,NULL,NULL,1400.00),('038-XVII',NULL,NULL,NULL,200.00),('038-XVIIF',NULL,NULL,NULL,300.00),('039-XVII',NULL,NULL,NULL,1000.00),('039-XVIIF',NULL,NULL,NULL,400.00),('040-XVIIF',NULL,NULL,NULL,0.00),('041-XVII',NULL,NULL,NULL,1000.00),('041-XVIIF',NULL,NULL,NULL,450.00),('042-XVII',NULL,1187.13,NULL,NULL),('042-XVIIF',NULL,NULL,NULL,300.00),('043-XVII',NULL,NULL,NULL,1750.00),('043-XVIIF',NULL,230.38,NULL,1500.00),('044-XVII',NULL,NULL,NULL,200.00),('044-XVIIF',NULL,NULL,NULL,1276.00),('046-XVII',NULL,90.48,NULL,1800.00),('047-XVII',NULL,NULL,NULL,2200.00),('047-XVIIF',NULL,1758.79,NULL,6500.00),('048-XVII',NULL,NULL,NULL,0.00),('049-XVII',NULL,NULL,NULL,2800.00),('050-XVIIF',NULL,NULL,NULL,2440.00),('051-XVIIF',NULL,NULL,NULL,1160.00),('052-XVII',NULL,1768.05,NULL,3550.00),('052-XVIIF',NULL,328.45,NULL,1095.00),('053-XVII',NULL,397.29,NULL,1800.00),('053-XVIIF',NULL,NULL,NULL,300.00),('054-XVII',NULL,NULL,NULL,2200.00),('054-XVIIF',NULL,NULL,NULL,300.00),('055-XVII',NULL,NULL,NULL,1500.00),('055-XVIIF',NULL,NULL,NULL,1200.00),('056-XVII',NULL,1653.39,NULL,3350.00),('056-XVIIF',NULL,NULL,NULL,1200.00),('057-XVII',NULL,2370.27,NULL,2800.00),('057-XVIIF',NULL,1880.79,NULL,3850.00),('058-XVII',NULL,1762.11,NULL,3167.00),('058-XVIIF',NULL,1790.99,NULL,2500.00),('059-XVII',NULL,NULL,NULL,800.00),('059-XVIIF',NULL,NULL,NULL,0.00),('060-XVII',NULL,90.48,NULL,1800.00),('060-XVIIF',NULL,NULL,NULL,0.00),('061-XVII',NULL,NULL,NULL,600.00),('061-XVIIF',NULL,NULL,NULL,300.00),('062-XVII',NULL,850.00,NULL,2200.00),('064-XVII',NULL,NULL,NULL,450.00),('064-XVIIF',NULL,NULL,NULL,400.00),('065-XVII',NULL,316.62,NULL,1900.00),('066-XVII',NULL,773.00,NULL,1800.00),('066-XVIIF',NULL,NULL,NULL,900.00),('067-XVIG',NULL,20.01,NULL,NULL),('067-XVIIF',NULL,NULL,NULL,200.00),('068-XVII',NULL,NULL,NULL,0.00),('070-XVII',NULL,788.68,NULL,2400.00),('071-XVII',NULL,NULL,NULL,300.00),('071-XVIIF',NULL,1750.44,NULL,4550.00),('072-XVII',NULL,NULL,NULL,0.00),('072-XVIIF',NULL,1767.17,NULL,3600.00),('073-XVIG',NULL,160.36,NULL,NULL),('073-XVII',NULL,NULL,NULL,600.00),('073-XVIIF',NULL,NULL,NULL,2150.00),('074-XVII',NULL,257.00,NULL,2400.00),('074-XVIIF',NULL,1079.95,NULL,3200.00),('075-XVII',NULL,1706.00,NULL,4300.00),('075-XVIIF',NULL,NULL,NULL,800.00),('076-XVIG',NULL,230.38,NULL,NULL),('076-XVII',NULL,805.97,NULL,2200.00),('076-XVIIF',NULL,NULL,NULL,200.00),('077-XVII',NULL,NULL,NULL,500.00),('077-XVIIF',NULL,NULL,NULL,400.00),('078-XVII',NULL,NULL,NULL,200.00),('078-XVIIF',NULL,4869.23,NULL,7100.00),('079-XVII',NULL,NULL,NULL,0.00),('079-XVIIF',NULL,NULL,NULL,1000.00),('080-XVII',NULL,NULL,NULL,200.00),('081-XVII',NULL,NULL,NULL,0.00),('081-XVIIF',NULL,1039.48,NULL,NULL),('082-XVII',NULL,NULL,NULL,0.00),('082-XVIIF',NULL,NULL,NULL,200.00),('083-XVII',NULL,NULL,NULL,2400.00),('083-XVIIF',NULL,NULL,NULL,1500.00),('084-XVII',NULL,NULL,NULL,1160.00),('084-XVIIF',NULL,1453.60,NULL,3400.00),('085-XVII',NULL,360.71,NULL,2285.00),('085-XVIIF',NULL,NULL,NULL,500.00),('086-XVII',NULL,NULL,NULL,300.00),('087-XVII',NULL,805.97,NULL,2200.00),('087-XVIIF',NULL,NULL,NULL,400.00),('088-XVII',NULL,NULL,NULL,400.00),('088-XVIIF',NULL,NULL,NULL,0.00),('089-XVII',NULL,NULL,NULL,1200.00),('089-XVIIF',NULL,NULL,NULL,2794.00),('090-XVII',NULL,NULL,NULL,300.00),('090-XVIIF',NULL,NULL,NULL,900.00),('091-XVII',NULL,NULL,NULL,300.00),('091-XVIIF',NULL,NULL,NULL,400.00),('092-XVI',NULL,542.82,NULL,NULL),('092-XVII',NULL,NULL,NULL,300.00),('092-XVIIF',NULL,NULL,NULL,1500.00),('093-XVII',NULL,NULL,NULL,200.00),('094-XVII',NULL,2213.52,NULL,200.00),('095-XVIG',NULL,2081.75,NULL,NULL),('095-XVII',NULL,NULL,NULL,0.00),('096-XV',NULL,467.48,NULL,NULL),('097-XVII',NULL,NULL,NULL,800.00),('097-XVIIF',NULL,NULL,NULL,232.00),('098-XVII',NULL,NULL,NULL,900.00),('099-XVII',NULL,NULL,NULL,1276.00),('100-XVII',NULL,NULL,NULL,400.00),('1000-XVIF',NULL,1158.52,NULL,NULL),('1007-XVIF',NULL,372.39,NULL,NULL),('101-XVII',NULL,388.80,NULL,1450.00),('101-XVIIF',NULL,632.73,NULL,1682.00),('1018-XVIF',NULL,1160.09,NULL,NULL),('102-XVIG',NULL,846.01,NULL,NULL),('102-XVII',NULL,NULL,NULL,557.00),('102-XVIIF',NULL,632.73,NULL,1682.00),('1021-XVIF',NULL,NULL,NULL,0.00),('1024-XV',NULL,1627.11,NULL,NULL),('103-XVII',NULL,NULL,NULL,200.00),('103-XVIIF',NULL,632.73,NULL,1682.00),('1030-XVIF',NULL,NULL,NULL,300.00),('104-XVII',NULL,NULL,NULL,2200.00),('1048-XVI',NULL,180.96,NULL,NULL),('105-XVII',NULL,NULL,NULL,0.00),('105-XVIIF',NULL,1564.49,NULL,NULL),('106-XVIG',NULL,7425.26,NULL,NULL),('106-XVII',NULL,230.38,NULL,1500.00),('106-XVIIF',NULL,NULL,NULL,2000.00),('1065-XVIFF',NULL,20.01,NULL,NULL),('107-XVIIF',NULL,NULL,NULL,500.00),('1072-XVI',NULL,1712.09,NULL,NULL),('1079-XVIF',NULL,555.08,NULL,NULL),('108-XVIG',NULL,1229.82,NULL,NULL),('108-XVII',NULL,NULL,NULL,300.00),('109-XVIIF',NULL,NULL,NULL,0.00),('1099-XVI',NULL,635.89,NULL,NULL),('110-XVII',NULL,1052.35,NULL,2800.00),('110-XVIIF',NULL,162.74,NULL,1334.00),('1111-XV',NULL,1244.91,NULL,NULL),('1113-XVIF',NULL,931.89,NULL,NULL),('1115-XVIF',NULL,NULL,NULL,0.00),('1119-XVIF',NULL,NULL,NULL,0.00),('112-XVII',NULL,NULL,NULL,600.00),('1125-XVIF',NULL,806.77,NULL,NULL),('1128-XVIF',NULL,576.39,NULL,NULL),('113-XVII',NULL,NULL,NULL,600.00),('113-XVIIF',NULL,1082.04,NULL,NULL),('114-XVII',NULL,NULL,NULL,0.00),('1148-XVIF',NULL,535.07,NULL,NULL),('115-XVII',NULL,NULL,NULL,0.00),('1159-XVIF',NULL,931.89,NULL,NULL),('116-XVII',NULL,NULL,NULL,0.00),('1165-XVIF',NULL,914.68,NULL,NULL),('1166-XVI',NULL,230.38,NULL,NULL),('117-XVII',NULL,NULL,NULL,1280.00),('119-XVII',NULL,2121.95,NULL,5000.00),('119-XVIIF',NULL,92.00,NULL,NULL),('1194-XVI',NULL,1645.53,NULL,NULL),('120-XVII',NULL,NULL,NULL,0.00),('120-XVIIF',NULL,92.00,NULL,NULL),('1200-XV',NULL,402.49,NULL,NULL),('1206-XV',NULL,647.63,NULL,NULL),('1210-XVIF',NULL,433.46,NULL,NULL),('122-XVII',NULL,NULL,NULL,1500.00),('1225-XVIF',NULL,NULL,NULL,0.00),('123-XVII',NULL,NULL,NULL,200.00),('124-XVII',NULL,NULL,NULL,2200.00),('124-XVIIF',NULL,1131.03,NULL,NULL),('1243-XVI',NULL,1692.05,NULL,NULL),('1247-XVIF',NULL,805.97,NULL,NULL),('125-XVII',NULL,NULL,NULL,400.00),('1258-XVIF',NULL,334.14,NULL,NULL),('126-XVII',NULL,NULL,NULL,150.00),('1264-XV',NULL,297.98,NULL,NULL),('1267-XV',NULL,1039.48,NULL,NULL),('127-XVII',NULL,1329.80,NULL,NULL),('128-XVII',NULL,2121.95,NULL,4200.00),('128-XVIIF',NULL,1809.01,NULL,4988.00),('1281-XVIF',NULL,929.16,NULL,NULL),('1288-XVIF',NULL,2134.84,NULL,NULL),('1288-XVIFB',NULL,1694.54,NULL,NULL),('129-XVII',NULL,NULL,NULL,400.00),('1290-XVIF',NULL,NULL,NULL,0.00),('130-XVII',NULL,NULL,NULL,0.00),('1305-XVIF',NULL,NULL,NULL,2436.00),('1306-XVIF',NULL,NULL,NULL,2436.00),('1309-XVI',NULL,1732.30,NULL,NULL),('131-XVII',NULL,1005.85,NULL,NULL),('132-XVII',NULL,1688.89,NULL,1900.00),('1323-XVI',NULL,NULL,NULL,0.00),('1327-XVIF',NULL,NULL,NULL,1200.00),('133-XVII',NULL,NULL,NULL,0.00),('134-XVI',NULL,1646.61,NULL,NULL),('134-XVII',NULL,NULL,NULL,1200.00),('1340-XVIF',NULL,NULL,NULL,0.00),('1343-XVIF',NULL,NULL,NULL,300.00),('1345-XVIF',NULL,NULL,NULL,300.00),('1346-XVIF',NULL,NULL,NULL,1800.00),('135-XVII',NULL,NULL,NULL,0.00),('135-XVIIF',NULL,837.54,NULL,NULL),('1350-XVI',NULL,2102.77,NULL,NULL),('1357-XVIF',NULL,346.52,NULL,1847.00),('1359-XVIF',NULL,NULL,NULL,1200.00),('1360-XV',NULL,598.56,NULL,NULL),('1360-XVI',NULL,804.77,NULL,NULL),('1360-XVIF',NULL,2378.22,NULL,6500.00),('1364-XVIF',NULL,NULL,NULL,550.00),('1366-XVIF',NULL,805.97,NULL,2200.00),('1368-XVIF',NULL,NULL,NULL,0.00),('1369-XVIF',NULL,1459.31,NULL,2300.00),('137-XVII',NULL,NULL,NULL,0.00),('1370-XVIF',NULL,NULL,NULL,1000.00),('1371-XVIF',NULL,NULL,NULL,0.00),('1372-XVIF',NULL,1929.40,NULL,3800.00),('1373-XVIF',NULL,1494.39,NULL,2800.00),('1374-XVIF',NULL,NULL,NULL,1400.00),('1375-XVIF',NULL,NULL,NULL,1000.00),('1376-XVIF',NULL,988.88,NULL,1746.00),('1377-XVIF',NULL,NULL,NULL,1270.00),('1378-XVIF',NULL,NULL,NULL,450.00),('1379-XVIF',NULL,NULL,NULL,1200.00),('138-XVII',NULL,805.97,NULL,2200.00),('1380-XV',NULL,646.06,NULL,NULL),('1380-XVIF',NULL,NULL,NULL,150.00),('1383-XVI',NULL,2019.91,NULL,NULL),('139-XVII',NULL,NULL,NULL,450.00),('1390-XVI',NULL,NULL,NULL,500.00),('140-XVI',NULL,807.71,NULL,NULL),('140-XVII',NULL,NULL,NULL,2300.00),('143-XVII',NULL,NULL,NULL,1400.00),('146-XVII',NULL,NULL,NULL,1276.00),('148-XVII',NULL,1118.58,NULL,NULL),('149-XVII',NULL,NULL,NULL,400.00),('1496-XV',NULL,467.48,NULL,NULL),('1498-XV',NULL,2095.83,NULL,NULL),('151-XVII',NULL,NULL,NULL,2200.00),('1510-XVIF',NULL,1608.18,NULL,NULL),('152-XVII',NULL,243.45,NULL,1500.00),('153-XVII',NULL,NULL,NULL,400.00),('1541-XVI',NULL,NULL,NULL,0.00),('155-XVII',NULL,NULL,NULL,400.00),('156-XVII',NULL,NULL,NULL,0.00),('157-XVII',NULL,54.57,NULL,200.00),('158-XVII',NULL,NULL,NULL,2204.00),('1583-XVI',NULL,1274.84,NULL,NULL),('1588-XV',NULL,316.10,NULL,NULL),('1590-XV',NULL,3909.14,NULL,NULL),('160-XVII',NULL,NULL,NULL,1000.00),('161-XVII',NULL,NULL,NULL,0.00),('162-XVII',NULL,NULL,NULL,2200.00),('163-XVII',NULL,NULL,NULL,150.00),('164-XVII',NULL,NULL,NULL,850.00),('1642-XVI',NULL,592.99,NULL,NULL),('1644-XVIF',NULL,1665.35,NULL,NULL),('165-XVII',NULL,NULL,NULL,0.00),('166-XVII',NULL,1329.78,NULL,2505.00),('1665-XV',NULL,413.04,NULL,NULL),('1672-XVI',NULL,3017.89,NULL,NULL),('1675-XVI',NULL,722.51,NULL,NULL),('168-XVII',NULL,1118.58,NULL,NULL),('1680-XV',NULL,669.78,NULL,NULL),('169-XVII',NULL,NULL,NULL,400.00),('1697-XVI',NULL,NULL,NULL,0.00),('170-XVII',NULL,NULL,NULL,0.00),('1707-XVI',NULL,1455.54,NULL,NULL),('1709-XV',NULL,1717.14,NULL,NULL),('171-XVII',NULL,1765.04,NULL,3161.00),('1722-XV',NULL,1369.12,NULL,NULL),('1723-XVI',NULL,213.49,NULL,NULL),('173-XVII',NULL,14047.80,NULL,16137.00),('174-XVII',NULL,NULL,NULL,200.00),('1741-XVI',NULL,6009.68,NULL,NULL),('175-XVII',NULL,NULL,NULL,900.00),('1762-XVI',NULL,4656.80,NULL,NULL),('1768-XVI',NULL,1284.05,NULL,NULL),('177-XVII',NULL,NULL,NULL,1650.00),('1776-XVI',NULL,65.33,NULL,NULL),('179-XVII',NULL,NULL,NULL,1800.00),('1796-XVI',NULL,1817.55,NULL,NULL),('1799-XVI',NULL,NULL,NULL,986.00),('180-XVII',NULL,NULL,NULL,200.00),('181-XVII',NULL,397.29,NULL,NULL),('182-XVII',NULL,127.04,NULL,NULL),('184-XVII',NULL,NULL,NULL,2200.00),('1843-XVI',NULL,107.03,NULL,NULL),('185-XVII',NULL,NULL,NULL,2668.00),('186-XVII',NULL,NULL,NULL,400.00),('1864-XVI',NULL,581.91,NULL,NULL),('187-XVII',NULL,230.38,NULL,NULL),('1871-XVI',NULL,1274.84,NULL,NULL),('188-XVIF',NULL,967.63,NULL,NULL),('188-XVII',NULL,NULL,NULL,0.00),('1881-XVI',NULL,487.87,NULL,NULL),('189-XVIF',NULL,967.63,NULL,NULL),('1890-XVI',NULL,4112.47,NULL,5632.00),('1892-XVI',NULL,NULL,NULL,200.00),('1902-XV',NULL,1201.62,NULL,NULL),('191-XVICD',NULL,16132.46,NULL,NULL),('192-XVII',NULL,NULL,NULL,200.00),('1928-XVIF',NULL,1455.54,NULL,NULL),('193-XVII',NULL,169.62,NULL,1624.00),('1944-XVI',NULL,NULL,NULL,5100.00),('1961-XV',NULL,448.73,NULL,NULL),('197-XVII',NULL,696.51,NULL,NULL),('1970-XVI',NULL,NULL,NULL,300.00),('1971-XVI',NULL,0.00,NULL,NULL),('1977-XV',NULL,510.40,NULL,NULL),('199-XVII',NULL,1797.93,NULL,NULL),('2002-XVI',NULL,NULL,NULL,1200.00),('2004-XV',NULL,202.40,NULL,NULL),('201-XVII',NULL,834.88,NULL,NULL),('202-XVII',NULL,982.89,NULL,NULL),('2024-XVI',NULL,NULL,NULL,0.00),('2028-XVI',NULL,1416.86,NULL,3600.00),('203-XVII',NULL,944.66,NULL,NULL),('204-XVII',NULL,NULL,NULL,1700.00),('2045-XVI',NULL,NULL,NULL,0.00),('205-XVII',NULL,NULL,NULL,0.00),('206-XVI',NULL,NULL,NULL,3700.00),('206-XVII',NULL,765.32,NULL,2550.00),('2064-XV',NULL,944.94,NULL,NULL),('2066-XVI',NULL,NULL,NULL,2000.00),('2069-XVI',NULL,230.38,NULL,NULL),('2075-XV',NULL,1058.14,NULL,NULL),('2075-XVI',NULL,NULL,NULL,2800.00),('2077-XVI',NULL,NULL,NULL,0.00),('208-XVII',NULL,366.07,NULL,NULL),('2082-XVI',NULL,NULL,NULL,1740.00),('2086-XVIB',NULL,NULL,NULL,2500.00),('209-XVII',NULL,NULL,NULL,0.00),('2090-XVI',NULL,NULL,NULL,200.00),('2093-XVI',NULL,NULL,NULL,1200.00),('2094-XVI',NULL,NULL,NULL,0.00),('210-XVII',NULL,NULL,NULL,1972.00),('2105-XVI',NULL,NULL,NULL,0.00),('2109-XVI',NULL,805.97,NULL,NULL),('2110-XVI',NULL,1023.61,NULL,400.00),('2113-XVI',NULL,NULL,NULL,4680.00),('2117-XVI',NULL,NULL,NULL,0.00),('2118-XVI',NULL,NULL,NULL,0.00),('2119-XVI',NULL,NULL,NULL,0.00),('212-XVII',NULL,NULL,NULL,300.00),('2120-XVI',NULL,NULL,NULL,0.00),('2122-XVI',NULL,NULL,NULL,3325.00),('2124-XVI',NULL,NULL,NULL,200.00),('2125-XVI',NULL,NULL,NULL,200.00),('213-XVII',NULL,397.29,NULL,1800.00),('2132-XVI',NULL,4200.38,NULL,5700.00),('2135-XVI',NULL,805.97,NULL,NULL),('2142-XVI',NULL,NULL,NULL,0.00),('2143-XVI',NULL,NULL,NULL,0.00),('2148-XVI',NULL,NULL,NULL,0.00),('215-XVII',NULL,1442.11,NULL,NULL),('2150-XVI',NULL,NULL,NULL,600.00),('2151-XVI',NULL,NULL,NULL,2200.00),('2154-XVI',NULL,1116.38,NULL,2500.00),('2156-XVI',NULL,NULL,NULL,200.00),('2157-XVI',NULL,NULL,NULL,0.00),('2158-XVI',NULL,NULL,NULL,0.00),('2159-XVI',NULL,NULL,NULL,900.00),('216-XVII',NULL,NULL,NULL,1600.00),('2161-XVI',NULL,NULL,NULL,0.00),('2162-XVI',NULL,NULL,NULL,400.00),('2164-XVI',NULL,NULL,NULL,0.00),('2165-XVI',NULL,NULL,NULL,1600.00),('2166-XVI',NULL,NULL,NULL,2700.00),('2167-XVI',NULL,NULL,NULL,1680.00),('2168-XVI',NULL,NULL,NULL,0.00),('2169-XVI',NULL,NULL,NULL,0.00),('2171-XVI',NULL,NULL,NULL,680.00),('2172-XVI',NULL,NULL,NULL,300.00),('2173-XVI',NULL,NULL,NULL,2800.00),('2174-XVI',NULL,NULL,NULL,925.00),('2175-XVI',NULL,NULL,NULL,0.00),('2176-XVI',NULL,NULL,NULL,1800.00),('2177-XVI',NULL,NULL,NULL,2760.00),('2178-XVI',NULL,NULL,NULL,3100.00),('2179-XVI',NULL,NULL,NULL,0.00),('2180-XVI',NULL,NULL,NULL,1800.00),('2181-XVI',NULL,805.97,NULL,0.00),('2182-XVI',NULL,NULL,NULL,900.00),('2183-XVI',NULL,NULL,NULL,900.00),('2185-XVI',NULL,NULL,NULL,0.00),('2186-XVI',NULL,NULL,NULL,0.00),('2187-XVI',NULL,805.97,NULL,2200.00),('2188-XVI',NULL,NULL,NULL,300.00),('2189-XVI',NULL,805.97,NULL,2200.00),('219-XVII',NULL,542.45,NULL,NULL),('2191-XVI',NULL,NULL,NULL,1400.00),('2192-XVI',NULL,1790.04,NULL,3000.00),('2193-XVI',NULL,NULL,NULL,150.00),('2194-XVI',NULL,NULL,NULL,1550.00),('2196-XVI',NULL,NULL,NULL,0.00),('2197-XVI',NULL,599.00,NULL,1000.00),('2199-XVI',NULL,NULL,NULL,0.00),('220-XVI',NULL,1814.27,NULL,NULL),('220-XVII',NULL,64.03,NULL,NULL),('2200-XVI',NULL,NULL,NULL,300.00),('2203-XVI',NULL,NULL,NULL,600.00),('2204-XVI',NULL,1851.20,NULL,3132.00),('2206-XV',NULL,1634.51,NULL,NULL),('2206-XVI',NULL,NULL,NULL,200.00),('2207-XVI',NULL,592.24,NULL,2200.00),('2208-XVI',NULL,NULL,NULL,200.00),('2209-XVI',NULL,NULL,NULL,1700.00),('221-XVII',NULL,1757.76,NULL,NULL),('2210-XVI',NULL,1608.18,NULL,2850.00),('2211-XVI',NULL,1140.09,NULL,2800.00),('2212-XVI',NULL,NULL,NULL,0.00),('2213-XVI',NULL,NULL,NULL,400.00),('2214-XVI',NULL,NULL,NULL,400.00),('2215-XVI',NULL,NULL,NULL,300.00),('2216-XVI',NULL,NULL,NULL,1800.00),('222-XVII',NULL,1337.18,NULL,NULL),('2227-XV',NULL,114.05,NULL,NULL),('223-XVI',NULL,538.97,NULL,NULL),('223-XVII',NULL,NULL,NULL,300.00),('225-XVII',NULL,NULL,NULL,0.00),('2255-XV',NULL,680.07,NULL,NULL),('226-XVII',NULL,NULL,NULL,1392.00),('227-XVII',NULL,1533.20,NULL,NULL),('228-XVII',NULL,NULL,NULL,1700.00),('229-XVII',NULL,NULL,NULL,150.00),('2296-XV',NULL,316.10,NULL,NULL),('232-XVII',NULL,NULL,NULL,0.00),('2325-XV',NULL,467.48,NULL,NULL),('2330-XV',NULL,837.54,NULL,NULL),('234-XVII',NULL,837.54,NULL,NULL),('235-XVII',NULL,795.01,NULL,NULL),('2357-XV',NULL,911.11,NULL,NULL),('2369-XV',NULL,644.50,NULL,NULL),('240-XVII',NULL,NULL,NULL,1200.00),('2401-XV',NULL,2016.66,NULL,NULL),('2438-XV',NULL,824.66,NULL,NULL),('246-XVII',NULL,NULL,NULL,557.00),('247-XVII',NULL,3844.39,NULL,NULL),('249-XVICD',NULL,1620.74,NULL,NULL),('249-XVII',NULL,NULL,NULL,900.00),('2497-XV',NULL,1040.47,NULL,NULL),('2499-XV',NULL,2425.78,NULL,NULL),('250-XVII',NULL,673.33,NULL,NULL),('253-XVII',NULL,2007.32,NULL,NULL),('255-XVII',NULL,203.87,NULL,1252.00),('2570-XV',NULL,1712.09,NULL,NULL),('2574-XV',NULL,2397.91,NULL,NULL),('263-XVII',NULL,1453.99,NULL,NULL),('2637-XV',NULL,437.11,NULL,NULL),('2666-XV',NULL,1921.44,NULL,NULL),('267-XVII',NULL,600.60,NULL,NULL),('268-XVII',NULL,169.35,NULL,NULL),('270-XVID',NULL,1672.58,NULL,NULL),('271-XVII',NULL,757.58,NULL,NULL),('273-XVII',NULL,100.47,NULL,NULL),('275-XVIF',NULL,751.10,NULL,NULL),('277-XVII',NULL,837.54,NULL,NULL),('283-XVII',NULL,1577.44,NULL,NULL),('288-XVIP',NULL,NULL,NULL,0.00),('292-XVI',NULL,974.43,NULL,NULL),('293-XVIP',NULL,NULL,NULL,0.00),('308-XVIP',NULL,NULL,NULL,0.00),('309-XVIP',NULL,NULL,NULL,0.00),('316-XVIP',NULL,NULL,NULL,0.00),('321-XVIP',NULL,NULL,NULL,0.00),('328-XVIP',NULL,NULL,NULL,0.00),('329-XVIP',NULL,NULL,NULL,0.00),('331-XVIP',NULL,NULL,NULL,0.00),('332-XVIP',NULL,NULL,NULL,0.00),('333-XVIP',NULL,NULL,NULL,0.00),('334-XVIP',NULL,NULL,NULL,0.00),('335-XVIP',NULL,NULL,NULL,0.00),('336-XVIP',NULL,NULL,NULL,0.00),('338-XVI',NULL,469.28,NULL,NULL),('343-XV-1',NULL,272.11,NULL,NULL),('362-XVI',NULL,681.73,NULL,NULL),('384-XVI',NULL,544.24,NULL,NULL),('388-XVF',NULL,508.37,NULL,NULL),('411-XVI',NULL,1637.92,NULL,NULL),('4128666758A',NULL,445.92,NULL,NULL),('4129641455A',NULL,111.38,NULL,NULL),('4129717524A',NULL,694.80,NULL,NULL),('4129732517A',NULL,141.60,NULL,NULL),('4129738512A',NULL,28.20,NULL,NULL),('4129840383A',NULL,694.80,NULL,NULL),('4129969116A',NULL,230.38,NULL,NULL),('4130391148',NULL,NULL,NULL,0.00),('4131812567A',NULL,260.00,NULL,NULL),('4132687171A',NULL,805.97,NULL,NULL),('4132707424A',NULL,805.97,NULL,NULL),('4132789259A',NULL,465.00,NULL,NULL),('4135435850A',NULL,92.09,NULL,NULL),('4136692265A',NULL,149.88,NULL,NULL),('4136796776A',NULL,576.39,NULL,NULL),('4136838063A',NULL,944.66,NULL,NULL),('4137007626A',NULL,310.50,NULL,NULL),('413757013',NULL,NULL,NULL,0.00),('4138037360',NULL,230.38,NULL,NULL),('4138883966A',NULL,805.97,NULL,NULL),('4138935227A',NULL,334.14,NULL,NULL),('4139099220',NULL,NULL,NULL,0.00),('4139248130',NULL,25721.82,NULL,NULL),('4139259002',NULL,NULL,NULL,0.00),('4139361473',NULL,NULL,NULL,0.00),('4139423513',NULL,NULL,NULL,0.00),('4139548628',NULL,NULL,NULL,0.00),('4139584960',NULL,NULL,NULL,0.00),('4139594420',NULL,NULL,NULL,0.00),('4139665132',NULL,NULL,NULL,0.00),('4139705771',NULL,NULL,NULL,0.00),('4139705902',NULL,NULL,NULL,0.00),('4139708089',NULL,NULL,NULL,0.00),('4139754705A',NULL,495.00,NULL,700.00),('4139760906',NULL,NULL,NULL,0.00),('4139786279',NULL,NULL,NULL,0.00),('4139793011',NULL,NULL,NULL,0.00),('4139795281A',NULL,NULL,NULL,300.00),('4139795286',NULL,NULL,NULL,0.00),('4139798662',NULL,NULL,NULL,0.00),('4139800649',NULL,NULL,NULL,0.00),('4139803651',NULL,NULL,NULL,0.00),('4139805023',NULL,NULL,NULL,0.00),('4139805513',NULL,NULL,NULL,0.00),('4139806806',NULL,NULL,NULL,0.00),('4139827938',NULL,NULL,NULL,0.00),('4139832385',NULL,NULL,NULL,0.00),('4139838527A',NULL,2444.84,NULL,600.00),('4139845219',NULL,NULL,NULL,0.00),('4139848657',NULL,NULL,NULL,0.00),('4139849490',NULL,NULL,NULL,0.00),('4139860435',NULL,NULL,NULL,0.00),('4139861610',NULL,NULL,NULL,0.00),('4139863017',NULL,NULL,NULL,0.00),('4139865472',NULL,NULL,NULL,0.00),('4139876307',NULL,NULL,NULL,0.00),('4139877783',NULL,NULL,NULL,0.00),('4139885421',NULL,NULL,NULL,0.00),('4139888490',NULL,NULL,NULL,0.00),('4139888778',NULL,NULL,NULL,0.00),('4139892681',NULL,NULL,NULL,0.00),('4139898514',NULL,NULL,NULL,0.00),('4139901318',NULL,NULL,NULL,0.00),('4139905760',NULL,NULL,NULL,0.00),('4139906164',NULL,NULL,NULL,0.00),('4139906817',NULL,NULL,NULL,0.00),('4139909559',NULL,NULL,NULL,0.00),('4139911103',NULL,NULL,NULL,0.00),('4139912891',NULL,NULL,NULL,0.00),('4139912948',NULL,NULL,NULL,0.00),('4139914304',NULL,NULL,NULL,0.00),('4139914783',NULL,NULL,NULL,0.00),('4139921554',NULL,NULL,NULL,0.00),('4139922698',NULL,NULL,NULL,0.00),('4139924390',NULL,NULL,NULL,0.00),('4139925369',NULL,NULL,NULL,0.00),('4139932313',NULL,NULL,NULL,0.00),('4139934671',NULL,NULL,NULL,0.00),('4139934733',NULL,NULL,NULL,0.00),('4139934975',NULL,NULL,NULL,0.00),('4139935072',NULL,NULL,NULL,0.00),('4139935667',NULL,NULL,NULL,0.00),('4139935849',NULL,NULL,NULL,0.00),('4139936042',NULL,NULL,NULL,0.00),('4139936146',NULL,NULL,NULL,0.00),('4139937774',NULL,NULL,NULL,0.00),('4139937895',NULL,NULL,NULL,0.00),('4139938506',NULL,NULL,NULL,0.00),('4139945710',NULL,NULL,NULL,0.00),('4139946007',NULL,NULL,NULL,0.00),('4139946708',NULL,NULL,NULL,0.00),('4139947375',NULL,NULL,NULL,0.00),('4139947429',NULL,NULL,NULL,0.00),('4139947737',NULL,NULL,NULL,0.00),('4139948052',NULL,NULL,NULL,0.00),('4139952096',NULL,NULL,NULL,0.00),('4139952451',NULL,NULL,NULL,0.00),('4139957736',NULL,NULL,NULL,0.00),('4139957884',NULL,NULL,NULL,0.00),('4139958480',NULL,NULL,NULL,0.00),('4139958868',NULL,NULL,NULL,0.00),('4139961435',NULL,NULL,NULL,0.00),('4139963834',NULL,NULL,NULL,0.00),('4139964113',NULL,NULL,NULL,0.00),('4139964133',NULL,NULL,NULL,0.00),('4139965238',NULL,NULL,NULL,0.00),('4139965553',NULL,NULL,NULL,0.00),('4139966041',NULL,NULL,NULL,0.00),('4139966874',NULL,NULL,NULL,0.00),('4139975188',NULL,NULL,NULL,0.00),('4139975395',NULL,NULL,NULL,0.00),('4139975456',NULL,NULL,NULL,0.00),('4139975853',NULL,NULL,NULL,0.00),('4139975890',NULL,NULL,NULL,0.00),('4139977477',NULL,NULL,NULL,0.00),('4139977709',NULL,NULL,NULL,0.00),('4139978778',NULL,NULL,NULL,0.00),('4139979040',NULL,NULL,NULL,0.00),('4139983383',NULL,NULL,NULL,0.00),('4139983714',NULL,NULL,NULL,0.00),('4139984060',NULL,NULL,NULL,0.00),('4139984682',NULL,NULL,NULL,0.00),('4139985651',NULL,NULL,NULL,0.00),('4139985955',NULL,NULL,NULL,0.00),('4139986009',NULL,NULL,NULL,0.00),('4139986078',NULL,NULL,NULL,0.00),('4139986642',NULL,NULL,NULL,0.00),('4139987157',NULL,NULL,NULL,0.00),('4139987187',NULL,NULL,NULL,0.00),('4139987764',NULL,NULL,NULL,0.00),('4139990252',NULL,NULL,NULL,0.00),('4139990912',NULL,NULL,NULL,0.00),('4139991766',NULL,NULL,NULL,0.00),('4139992461',NULL,NULL,NULL,0.00),('4139993892',NULL,NULL,NULL,0.00),('4139995344',NULL,NULL,NULL,0.00),('4139995346',NULL,NULL,NULL,0.00),('4139995346A',NULL,465.00,NULL,1100.00),('4139995371',NULL,NULL,NULL,0.00),('4139995380',NULL,NULL,NULL,0.00),('4139995482',NULL,NULL,NULL,0.00),('4139995601',NULL,NULL,NULL,0.00),('4139996302',NULL,NULL,NULL,0.00),('4140001956',NULL,NULL,NULL,0.00),('4140004368',NULL,NULL,NULL,0.00),('4140006258',NULL,NULL,NULL,0.00),('4140006307',NULL,NULL,NULL,0.00),('4140006379',NULL,NULL,NULL,0.00),('4140006687',NULL,NULL,NULL,0.00),('4140006888',NULL,NULL,NULL,0.00),('4140008560',NULL,NULL,NULL,0.00),('4140008701',NULL,NULL,NULL,0.00),('4140008865',NULL,NULL,NULL,0.00),('4140009119',NULL,NULL,NULL,0.00),('4140009266',NULL,NULL,NULL,0.00),('4140009852',NULL,NULL,NULL,0.00),('4140010481',NULL,NULL,NULL,0.00),('4140011800',NULL,NULL,NULL,0.00),('4140011981',NULL,NULL,NULL,0.00),('4140012259',NULL,NULL,NULL,0.00),('4140012407',NULL,NULL,NULL,0.00),('4140012919',NULL,NULL,NULL,0.00),('4140013910',NULL,NULL,NULL,0.00),('4140013995',NULL,NULL,NULL,0.00),('4140014260',NULL,NULL,NULL,0.00),('4140015552',NULL,NULL,NULL,0.00),('4140018214',NULL,NULL,NULL,0.00),('4140018266',NULL,NULL,NULL,0.00),('4140019421',NULL,NULL,NULL,0.00),('4140020675',NULL,NULL,NULL,0.00),('4140020746',NULL,NULL,NULL,0.00),('4140021771',NULL,NULL,NULL,0.00),('4140021777',NULL,NULL,NULL,0.00),('4140022197',NULL,NULL,NULL,0.00),('4140028299',NULL,NULL,NULL,0.00),('4140029543',NULL,NULL,NULL,0.00),('4140030455',NULL,NULL,NULL,0.00),('4140030685',NULL,NULL,NULL,0.00),('4140033380',NULL,NULL,NULL,0.00),('4140034774',NULL,NULL,NULL,0.00),('4140037219',NULL,NULL,NULL,0.00),('4140039854',NULL,NULL,NULL,0.00),('4140041769',NULL,NULL,NULL,0.00),('4140042394',NULL,NULL,NULL,0.00),('4140043259',NULL,NULL,NULL,0.00),('4140045478',NULL,NULL,NULL,0.00),('4140047337',NULL,NULL,NULL,0.00),('4140047786A',NULL,NULL,NULL,300.00),('4140059353',NULL,NULL,NULL,0.00),('4140065284',NULL,NULL,NULL,0.00),('4140065288',NULL,NULL,NULL,0.00),('4140066729',NULL,NULL,NULL,0.00),('4140066729A',NULL,230.38,NULL,1500.00),('4140067172',NULL,NULL,NULL,0.00),('4140067721',NULL,NULL,NULL,0.00),('4140067889',NULL,NULL,NULL,0.00),('4140068228',NULL,NULL,NULL,0.00),('4140068325',NULL,NULL,NULL,0.00),('4140068545',NULL,NULL,NULL,0.00),('4140068629',NULL,NULL,NULL,0.00),('4140069063',NULL,NULL,NULL,0.00),('4140069830',NULL,NULL,NULL,0.00),('4140069887',NULL,NULL,NULL,0.00),('4140070137',NULL,NULL,NULL,0.00),('4140072981',NULL,NULL,NULL,0.00),('4140073152',NULL,NULL,NULL,0.00),('4140073491',NULL,NULL,NULL,0.00),('4140083216',NULL,NULL,NULL,0.00),('4140083216A',NULL,NULL,NULL,1200.00),('4140083998',NULL,NULL,NULL,0.00),('4140084339',NULL,NULL,NULL,0.00),('4140085960',NULL,NULL,NULL,0.00),('4140087481',NULL,NULL,NULL,0.00),('4140088832',NULL,NULL,NULL,0.00),('4140089002',NULL,NULL,NULL,0.00),('4140089005',NULL,NULL,NULL,0.00),('4140090547',NULL,NULL,NULL,0.00),('4140091287',NULL,NULL,NULL,0.00),('4140091463',NULL,NULL,NULL,0.00),('4140092247',NULL,NULL,NULL,0.00),('4140093044',NULL,NULL,NULL,0.00),('4140093600',NULL,NULL,NULL,0.00),('4140094951',NULL,NULL,NULL,0.00),('4140095312',NULL,NULL,NULL,0.00),('4140097576',NULL,NULL,NULL,0.00),('4140101453',NULL,NULL,NULL,0.00),('4140101528',NULL,NULL,NULL,0.00),('4140101687',NULL,NULL,NULL,0.00),('4140106143',NULL,NULL,NULL,0.00),('4140106145',NULL,NULL,NULL,0.00),('4140106668',NULL,NULL,NULL,0.00),('4140106827',NULL,NULL,NULL,0.00),('4140115318',NULL,NULL,NULL,0.00),('4140116161',NULL,NULL,NULL,0.00),('4140117341',NULL,NULL,NULL,0.00),('4140117346',NULL,NULL,NULL,0.00),('4140118831',NULL,NULL,NULL,0.00),('4140119087',NULL,NULL,NULL,0.00),('4140121355',NULL,NULL,NULL,0.00),('4140121835',NULL,NULL,NULL,0.00),('4140122018',NULL,NULL,NULL,0.00),('4140122466',NULL,NULL,NULL,0.00),('4140125661',NULL,NULL,NULL,0.00),('4140126709',NULL,NULL,NULL,0.00),('4140129776',NULL,NULL,NULL,0.00),('4140130969',NULL,NULL,NULL,0.00),('4140133834',NULL,NULL,NULL,0.00),('4140134057',NULL,NULL,NULL,0.00),('4140134792',NULL,NULL,NULL,0.00),('4140135868',NULL,NULL,NULL,0.00),('4140135952',NULL,NULL,NULL,0.00),('4140136184',NULL,NULL,NULL,0.00),('4140136619',NULL,NULL,NULL,0.00),('4140136671',NULL,NULL,NULL,0.00),('4140144222',NULL,NULL,NULL,0.00),('4140145388',NULL,NULL,NULL,0.00),('4140148597',NULL,NULL,NULL,0.00),('4140148842',NULL,NULL,NULL,0.00),('4140149210',NULL,NULL,NULL,0.00),('4140152818',NULL,NULL,NULL,0.00),('4140156327',NULL,NULL,NULL,0.00),('4140161058',NULL,NULL,NULL,0.00),('4140162335',NULL,NULL,NULL,0.00),('4140163317',NULL,NULL,NULL,0.00),('4140172835',NULL,NULL,NULL,0.00),('4140177861',NULL,NULL,NULL,0.00),('4140177952',NULL,NULL,NULL,0.00),('4140178393',NULL,NULL,NULL,0.00),('4140178682',NULL,NULL,NULL,0.00),('4140179471',NULL,NULL,NULL,0.00),('4140179769',NULL,NULL,NULL,0.00),('4140182987',NULL,NULL,NULL,0.00),('4140183545',NULL,NULL,NULL,0.00),('4140184324',NULL,NULL,NULL,0.00),('4140188843',NULL,NULL,NULL,0.00),('4140189432',NULL,NULL,NULL,0.00),('4140194012',NULL,NULL,NULL,0.00),('4140194362',NULL,NULL,NULL,0.00),('4140194370',NULL,NULL,NULL,0.00),('4140194453',NULL,NULL,NULL,0.00),('4140194935',NULL,NULL,NULL,0.00),('4140197068',NULL,NULL,NULL,0.00),('4140198069',NULL,NULL,NULL,0.00),('4140198165',NULL,NULL,NULL,0.00),('4140199619',NULL,NULL,NULL,0.00),('4140199620',NULL,NULL,NULL,0.00),('4140199685',NULL,NULL,NULL,0.00),('4140199713',NULL,NULL,NULL,0.00),('4140200818',NULL,NULL,NULL,0.00),('4140203131',NULL,NULL,NULL,0.00),('4140203221',NULL,NULL,NULL,0.00),('4140204145',NULL,NULL,NULL,0.00),('4140205746',NULL,NULL,NULL,0.00),('4140213681',NULL,NULL,NULL,0.00),('4140214527',NULL,NULL,NULL,0.00),('4140216564',NULL,NULL,NULL,0.00),('4140216851',NULL,NULL,NULL,0.00),('4140217619',NULL,NULL,NULL,0.00),('4140219274',NULL,NULL,NULL,0.00),('4140226003',NULL,NULL,NULL,0.00),('4140226411',NULL,NULL,NULL,0.00),('4140227304',NULL,NULL,NULL,0.00),('4140227464',NULL,NULL,NULL,0.00),('4140227847',NULL,NULL,NULL,0.00),('4140228060',NULL,NULL,NULL,0.00),('4140228896',NULL,NULL,NULL,0.00),('4140230775',NULL,NULL,NULL,0.00),('4140231580',NULL,NULL,NULL,0.00),('4140232009',NULL,NULL,NULL,0.00),('4140232592',NULL,NULL,NULL,0.00),('4140233168',NULL,NULL,NULL,0.00),('4140234107',NULL,NULL,NULL,0.00),('4140238070',NULL,NULL,NULL,0.00),('4140238096',NULL,NULL,NULL,0.00),('4140247796',NULL,NULL,NULL,0.00),('4140248097',NULL,NULL,NULL,0.00),('4140249013',NULL,NULL,NULL,0.00),('4140249032',NULL,NULL,NULL,0.00),('4140249311',NULL,NULL,NULL,0.00),('4140249351',NULL,NULL,NULL,0.00),('4140249560',NULL,NULL,NULL,0.00),('4140255606',NULL,NULL,NULL,0.00),('4140255860',NULL,NULL,NULL,0.00),('4140256227',NULL,NULL,NULL,0.00),('4140257244',NULL,NULL,NULL,0.00),('4140257782',NULL,NULL,NULL,0.00),('4140259224',NULL,NULL,NULL,0.00),('4140260596',NULL,NULL,NULL,0.00),('4140260675',NULL,NULL,NULL,0.00),('4140260838',NULL,NULL,NULL,0.00),('4140262919',NULL,NULL,NULL,0.00),('4140263054',NULL,NULL,NULL,0.00),('4140263464',NULL,NULL,NULL,0.00),('4140263467',NULL,NULL,NULL,0.00),('4140266930',NULL,NULL,NULL,0.00),('4140266946',NULL,NULL,NULL,0.00),('4140267944',NULL,NULL,NULL,0.00),('4140268509',NULL,NULL,NULL,0.00),('4140269610',NULL,NULL,NULL,0.00),('4140269776',NULL,NULL,NULL,0.00),('4140280699',NULL,NULL,NULL,0.00),('4140281495',NULL,NULL,NULL,0.00),('4140282396',NULL,NULL,NULL,0.00),('4140282778',NULL,NULL,NULL,0.00),('4140283594',NULL,NULL,NULL,0.00),('4140286772',NULL,NULL,NULL,0.00),('4140288240',NULL,NULL,NULL,0.00),('4140288750',NULL,NULL,NULL,0.00),('4140290287',NULL,NULL,NULL,0.00),('4140290587',NULL,NULL,NULL,0.00),('4140291167',NULL,NULL,NULL,0.00),('4140294419',NULL,NULL,NULL,0.00),('4140294928',NULL,NULL,NULL,0.00),('4140295509',NULL,NULL,NULL,0.00),('4140295686',NULL,NULL,NULL,0.00),('4140297271',NULL,NULL,NULL,0.00),('4140298058',NULL,NULL,NULL,0.00),('4140298500',NULL,NULL,NULL,0.00),('4140298630',NULL,NULL,NULL,0.00),('4140299316',NULL,NULL,NULL,0.00),('4140301468',NULL,NULL,NULL,0.00),('4140307211',NULL,NULL,NULL,0.00),('4140308337',NULL,NULL,NULL,0.00),('4140309464',NULL,NULL,NULL,0.00),('4140311051',NULL,NULL,NULL,0.00),('4140311122',NULL,NULL,NULL,0.00),('4140312187',NULL,NULL,NULL,0.00),('4140312557',NULL,NULL,NULL,0.00),('4140314412',NULL,NULL,NULL,0.00),('4140315627',NULL,NULL,NULL,0.00),('4140316046',NULL,NULL,NULL,0.00),('4140317908',NULL,NULL,NULL,0.00),('4140318631',NULL,NULL,NULL,0.00),('4140320053',NULL,NULL,NULL,0.00),('4140320428',NULL,NULL,NULL,0.00),('4140322056',NULL,NULL,NULL,0.00),('4140322575',NULL,NULL,NULL,0.00),('4140323410',NULL,NULL,NULL,0.00),('4140325226',NULL,NULL,NULL,0.00),('4140326198',NULL,NULL,NULL,0.00),('4140327176',NULL,NULL,NULL,0.00),('4140327728',NULL,NULL,NULL,0.00),('4140328940',NULL,NULL,NULL,0.00),('4140329512',NULL,NULL,NULL,0.00),('4140329517',NULL,NULL,NULL,0.00),('4140329681',NULL,NULL,NULL,0.00),('4140330798',NULL,NULL,NULL,0.00),('4140337133',NULL,NULL,NULL,0.00),('4140338938',NULL,NULL,NULL,0.00),('4140341399',NULL,NULL,NULL,0.00),('4140343653',NULL,NULL,NULL,0.00),('4140343737',NULL,NULL,NULL,0.00),('4140344421',NULL,NULL,NULL,0.00),('4140344519',NULL,NULL,NULL,0.00),('4140344795',NULL,NULL,NULL,0.00),('4140344897',NULL,NULL,NULL,0.00),('4140347438',NULL,NULL,NULL,0.00),('4140351606',NULL,NULL,NULL,0.00),('4140351697',NULL,NULL,NULL,0.00),('4140352953',NULL,NULL,NULL,0.00),('4140353205',NULL,NULL,NULL,0.00),('4140353847',NULL,NULL,NULL,0.00),('4140354081',NULL,NULL,NULL,0.00),('4140354222',NULL,NULL,NULL,0.00),('4140354985',NULL,NULL,NULL,0.00),('4140355317',NULL,NULL,NULL,0.00),('4140356362',NULL,NULL,NULL,0.00),('4140356612',NULL,NULL,NULL,0.00),('4140356838',NULL,NULL,NULL,0.00),('4140356962',NULL,NULL,NULL,0.00),('4140357162',NULL,NULL,NULL,0.00),('4140357197',NULL,NULL,NULL,0.00),('4140357300',NULL,NULL,NULL,0.00),('4140357523',NULL,NULL,NULL,0.00),('4140357588',NULL,NULL,NULL,0.00),('4140357911',NULL,NULL,NULL,0.00),('4140361891',NULL,NULL,NULL,0.00),('4140361942',NULL,NULL,NULL,0.00),('4140362589',NULL,NULL,NULL,0.00),('4140363573',NULL,NULL,NULL,0.00),('4140364136',NULL,NULL,NULL,0.00),('4140364266',NULL,NULL,NULL,0.00),('4140365052',NULL,NULL,NULL,0.00),('4140365060',NULL,NULL,NULL,0.00),('4140365253',NULL,NULL,NULL,0.00),('4140365575',NULL,NULL,NULL,0.00),('4140365931',NULL,NULL,NULL,0.00),('4140366054',NULL,NULL,NULL,0.00),('4140366480',NULL,NULL,NULL,0.00),('4140367488',NULL,NULL,NULL,0.00),('4140368196',NULL,NULL,NULL,0.00),('4140368995',NULL,NULL,NULL,0.00),('4140369045',NULL,NULL,NULL,0.00),('4140370636',NULL,NULL,NULL,0.00),('4140371718',NULL,NULL,NULL,0.00),('4140372330',NULL,NULL,NULL,0.00),('4140387564',NULL,NULL,NULL,0.00),('4140390263',NULL,NULL,NULL,0.00),('4140393148',NULL,NULL,NULL,0.00),('4140393664',NULL,NULL,NULL,0.00),('4140394198',NULL,NULL,NULL,0.00),('4140396053',NULL,NULL,NULL,0.00),('4140400011',NULL,NULL,NULL,0.00),('4140401363',NULL,NULL,NULL,0.00),('4140401403',NULL,NULL,NULL,0.00),('4140401667',NULL,NULL,NULL,0.00),('4140401938',NULL,NULL,NULL,0.00),('4140403129',NULL,NULL,NULL,0.00),('4140403388',NULL,NULL,NULL,0.00),('4140403518',NULL,NULL,NULL,0.00),('4140404918',NULL,NULL,NULL,0.00),('4140405851',NULL,NULL,NULL,0.00),('4140406249',NULL,NULL,NULL,0.00),('4140406641',NULL,NULL,NULL,0.00),('4140407451',NULL,NULL,NULL,0.00),('4140407453',NULL,NULL,NULL,0.00),('4140407457',NULL,NULL,NULL,0.00),('4140408208',NULL,NULL,NULL,0.00),('4140414468',NULL,NULL,NULL,0.00),('4140415737',NULL,NULL,NULL,0.00),('4140418029',NULL,NULL,NULL,0.00),('4140420310',NULL,NULL,NULL,0.00),('4140420881',NULL,NULL,NULL,0.00),('4140422152',NULL,NULL,NULL,0.00),('4140422641',NULL,NULL,NULL,0.00),('4140425596',NULL,NULL,NULL,0.00),('4140426196',NULL,NULL,NULL,0.00),('4140428304',NULL,NULL,NULL,0.00),('4140430275',NULL,NULL,NULL,0.00),('4140433808',NULL,NULL,NULL,0.00),('4140433849',NULL,NULL,NULL,0.00),('4140434657',NULL,NULL,NULL,0.00),('4140435276',NULL,NULL,NULL,0.00),('4140435382A',NULL,NULL,NULL,300.00),('4140435425',NULL,NULL,NULL,0.00),('4140436112',NULL,NULL,NULL,0.00),('4140436395',NULL,NULL,NULL,0.00),('4140436594A',NULL,NULL,NULL,1200.00),('4140436642',NULL,NULL,NULL,0.00),('4140436706',NULL,NULL,NULL,0.00),('4140445065',NULL,NULL,NULL,0.00),('4140447940',NULL,NULL,NULL,0.00),('4140448892',NULL,NULL,NULL,0.00),('4140450370',NULL,NULL,NULL,0.00),('4140452086',NULL,NULL,NULL,0.00),('4140452798',NULL,NULL,NULL,0.00),('4140453037',NULL,NULL,NULL,0.00),('4140454305',NULL,NULL,NULL,0.00),('4140454940',NULL,NULL,NULL,0.00),('4140457085',NULL,NULL,NULL,0.00),('4140457404',NULL,NULL,NULL,0.00),('4140457764',NULL,NULL,NULL,0.00),('4140459180',NULL,NULL,NULL,0.00),('4140459556',NULL,NULL,NULL,0.00),('4140461374',NULL,NULL,NULL,0.00),('4140462974',NULL,NULL,NULL,0.00),('4140464362',NULL,NULL,NULL,0.00),('4140464572',NULL,NULL,NULL,0.00),('4140464593',NULL,NULL,NULL,0.00),('4140464741',NULL,NULL,NULL,0.00),('4140465177',NULL,NULL,NULL,0.00),('4140465346',NULL,NULL,NULL,0.00),('4140466065',NULL,NULL,NULL,0.00),('4140466463',NULL,NULL,NULL,0.00),('4140467198',NULL,NULL,NULL,0.00),('4140468111',NULL,NULL,NULL,0.00),('4140468673',NULL,NULL,NULL,0.00),('4140478484',NULL,NULL,NULL,0.00),('4140481196',NULL,NULL,NULL,0.00),('4140482144',NULL,NULL,NULL,0.00),('4140482894',NULL,NULL,NULL,0.00),('4140483223',NULL,NULL,NULL,0.00),('4140483389',NULL,NULL,NULL,0.00),('4140483543',NULL,NULL,NULL,0.00),('4140483683',NULL,NULL,NULL,0.00),('4140485295',NULL,NULL,NULL,0.00),('4140486193',NULL,NULL,NULL,0.00),('4140486314',NULL,NULL,NULL,0.00),('4140487432',NULL,NULL,NULL,0.00),('4140487686',NULL,NULL,NULL,0.00),('4140488751',NULL,NULL,NULL,0.00),('4140490626',NULL,NULL,NULL,0.00),('4140491504',NULL,NULL,NULL,0.00),('4140493432',NULL,NULL,NULL,0.00),('4140494725',NULL,NULL,NULL,0.00),('4140495209',NULL,NULL,NULL,0.00),('4140496458',NULL,NULL,NULL,0.00),('4140496620',NULL,NULL,NULL,0.00),('4140497184',NULL,NULL,NULL,0.00),('4140497190',NULL,NULL,NULL,0.00),('4140497435',NULL,NULL,NULL,0.00),('4140505161',NULL,NULL,NULL,0.00),('4140513504',NULL,NULL,NULL,0.00),('4140513971',NULL,NULL,NULL,0.00),('4140517466',NULL,NULL,NULL,0.00),('4140517574',NULL,NULL,NULL,0.00),('4140517996',NULL,NULL,NULL,0.00),('4140519386',NULL,NULL,NULL,0.00),('4140521236',NULL,NULL,NULL,0.00),('4140523890',NULL,NULL,NULL,0.00),('4140525326',NULL,NULL,NULL,0.00),('4140526741',NULL,NULL,NULL,0.00),('4140526767',NULL,NULL,NULL,0.00),('4140526967',NULL,NULL,NULL,0.00),('4140527012',NULL,NULL,NULL,0.00),('4140527140',NULL,NULL,NULL,0.00),('4140527342',NULL,NULL,NULL,0.00),('4140527666',NULL,NULL,NULL,0.00),('4140528058',NULL,NULL,NULL,0.00),('4140528298',NULL,NULL,NULL,0.00),('4140528426',NULL,NULL,NULL,0.00),('4140528891',NULL,NULL,NULL,0.00),('4140528968',NULL,NULL,NULL,0.00),('4140529021',NULL,NULL,NULL,0.00),('4140529139',NULL,NULL,NULL,0.00),('4140529361',NULL,NULL,NULL,0.00),('4140531494',NULL,NULL,NULL,0.00),('4140534875',NULL,NULL,NULL,0.00),('4140546040',NULL,NULL,NULL,0.00),('4140546718',NULL,NULL,NULL,0.00),('4140546985',NULL,NULL,NULL,0.00),('4140552682',NULL,NULL,NULL,0.00),('4140553365',NULL,NULL,NULL,0.00),('4140553581',NULL,NULL,NULL,0.00),('4140553620',NULL,NULL,NULL,0.00),('4140554528',NULL,NULL,NULL,0.00),('4140555694',NULL,NULL,NULL,0.00),('4140555718',NULL,NULL,NULL,0.00),('4140556014',NULL,NULL,NULL,0.00),('4140556037',NULL,NULL,NULL,0.00),('4140556757',NULL,NULL,NULL,0.00),('4140558584',NULL,NULL,NULL,0.00),('4140559573',NULL,NULL,NULL,0.00),('4140561629',NULL,NULL,NULL,0.00),('41405618713',NULL,NULL,NULL,0.00),('4140562017',NULL,NULL,NULL,0.00),('4140562474',NULL,NULL,NULL,0.00),('4140562512',NULL,NULL,NULL,0.00),('4140562816',NULL,NULL,NULL,0.00),('4140563061',NULL,NULL,NULL,0.00),('4140563069',NULL,NULL,NULL,0.00),('4140563835',NULL,NULL,NULL,0.00),('4140565839',NULL,NULL,NULL,0.00),('4140566010',NULL,NULL,NULL,0.00),('4140566390',NULL,NULL,NULL,0.00),('4140566550',NULL,NULL,NULL,0.00),('4140566578',NULL,NULL,NULL,0.00),('4140566903',NULL,NULL,NULL,0.00),('4140566904',NULL,NULL,NULL,0.00),('4140566979',NULL,NULL,NULL,0.00),('4140567365',NULL,NULL,NULL,0.00),('4140567611',NULL,NULL,NULL,0.00),('4140568864',NULL,NULL,NULL,0.00),('4140577549',NULL,NULL,NULL,0.00),('4140578174',NULL,NULL,NULL,0.00),('4140578717',NULL,NULL,NULL,0.00),('4140579225',NULL,NULL,NULL,0.00),('4140581780',NULL,NULL,NULL,0.00),('4140581881',NULL,NULL,NULL,0.00),('4140583763',NULL,NULL,NULL,0.00),('4140584354',NULL,NULL,NULL,0.00),('4140584943',NULL,NULL,NULL,0.00),('4140586714',NULL,NULL,NULL,0.00),('4140586758',NULL,NULL,NULL,0.00),('4140586884',NULL,NULL,NULL,0.00),('4140587435',NULL,NULL,NULL,0.00),('4140587603',NULL,NULL,NULL,0.00),('4140587884',NULL,NULL,NULL,0.00),('4140588032',NULL,NULL,NULL,0.00),('4140591639',NULL,NULL,NULL,0.00),('4140592102',NULL,NULL,NULL,0.00),('4140592459',NULL,NULL,NULL,0.00),('4140592590',NULL,NULL,NULL,0.00),('4140593077',NULL,NULL,NULL,0.00),('4140593698',NULL,NULL,NULL,0.00),('4140594885',NULL,NULL,NULL,0.00),('4140597071',NULL,NULL,NULL,0.00),('4140597175',NULL,NULL,NULL,0.00),('4140597232',NULL,NULL,NULL,0.00),('4140597519',NULL,NULL,NULL,0.00),('4140602316',NULL,NULL,NULL,0.00),('4140602742',NULL,NULL,NULL,0.00),('4140602819',NULL,NULL,NULL,0.00),('4140603010',NULL,NULL,NULL,0.00),('4140604916',NULL,NULL,NULL,0.00),('4140605152',NULL,NULL,NULL,0.00),('4140605692',NULL,NULL,NULL,0.00),('4140605694',NULL,NULL,NULL,0.00),('4140609937',NULL,NULL,NULL,0.00),('4140610351',NULL,NULL,NULL,0.00),('4140610725',NULL,NULL,NULL,0.00),('4140610972',NULL,NULL,NULL,0.00),('4140610991',NULL,NULL,NULL,0.00),('4140612553',NULL,NULL,NULL,0.00),('4140612754',NULL,NULL,NULL,0.00),('4140612802',NULL,NULL,NULL,0.00),('4140613056',NULL,NULL,NULL,0.00),('4140613560',NULL,NULL,NULL,0.00),('4140615120',NULL,NULL,NULL,0.00),('4140616437',NULL,NULL,NULL,0.00),('4140617103',NULL,NULL,NULL,0.00),('4140621550',NULL,NULL,NULL,0.00),('4140621686',NULL,NULL,NULL,0.00),('4140623493',NULL,NULL,NULL,0.00),('4140623656',NULL,NULL,NULL,0.00),('4140624974',NULL,NULL,NULL,0.00),('4140625201',NULL,NULL,NULL,0.00),('4140625307',NULL,NULL,NULL,0.00),('4140625542',NULL,NULL,NULL,0.00),('4140626313',NULL,NULL,NULL,0.00),('4140626763A',NULL,397.29,NULL,1900.00),('4140627192',NULL,NULL,NULL,0.00),('4140634923',NULL,NULL,NULL,0.00),('4140636850',NULL,NULL,NULL,0.00),('4140637414',NULL,NULL,NULL,0.00),('4140638161',NULL,NULL,NULL,0.00),('4140639019',NULL,NULL,NULL,0.00),('4140641047',NULL,NULL,NULL,0.00),('4140642770',NULL,NULL,NULL,0.00),('4140642907',NULL,NULL,NULL,0.00),('4140646439',NULL,NULL,NULL,0.00),('4140648641',NULL,NULL,NULL,0.00),('4140648979',NULL,NULL,NULL,0.00),('4140649107',NULL,NULL,NULL,0.00),('4140649447',NULL,NULL,NULL,0.00),('4140649954',NULL,NULL,NULL,0.00),('4140650463',NULL,NULL,NULL,0.00),('4140650582',NULL,NULL,NULL,0.00),('4140652340',NULL,NULL,NULL,0.00),('4140652363',NULL,NULL,NULL,0.00),('4140652412',NULL,NULL,NULL,0.00),('4140652636',NULL,NULL,NULL,0.00),('4140661563',NULL,NULL,NULL,0.00),('4140665613',NULL,NULL,NULL,0.00),('4140666919',NULL,NULL,NULL,0.00),('4140666933',NULL,NULL,NULL,0.00),('4140669161',NULL,NULL,NULL,0.00),('4140669982',NULL,NULL,NULL,0.00),('4140670227',NULL,NULL,NULL,0.00),('4140671186',NULL,NULL,NULL,0.00),('4140671931',NULL,NULL,NULL,0.00),('4140672258',NULL,NULL,NULL,0.00),('4140674072',NULL,NULL,NULL,0.00),('4140676343',NULL,NULL,NULL,0.00),('4140681113',NULL,NULL,NULL,0.00),('4140682340',NULL,NULL,NULL,0.00),('4140682514',NULL,NULL,NULL,0.00),('4140683249',NULL,NULL,NULL,0.00),('4140683871',NULL,NULL,NULL,0.00),('4140683927',NULL,NULL,NULL,0.00),('4140684908',NULL,NULL,NULL,0.00),('4140686030',NULL,NULL,NULL,0.00),('4140686783',NULL,NULL,NULL,0.00),('4140686915',NULL,NULL,NULL,0.00),('4140688237',NULL,NULL,NULL,0.00),('4140690145',NULL,NULL,NULL,0.00),('4140690735',NULL,NULL,NULL,0.00),('4140690737',NULL,NULL,NULL,0.00),('4140705666',NULL,NULL,NULL,0.00),('4140705988',NULL,NULL,NULL,0.00),('4140706681',NULL,NULL,NULL,0.00),('4140707077',NULL,NULL,NULL,0.00),('4140707164',NULL,NULL,NULL,0.00),('4140707909',NULL,NULL,NULL,0.00),('4140708332',NULL,NULL,NULL,0.00),('4140711275',NULL,NULL,NULL,0.00),('4140711521',NULL,NULL,NULL,0.00),('4140712776',NULL,NULL,NULL,0.00),('4140714231',NULL,NULL,NULL,0.00),('4140715043',NULL,NULL,NULL,0.00),('4140717062',NULL,NULL,NULL,0.00),('4140718452',NULL,NULL,NULL,0.00),('4140718930',NULL,NULL,NULL,0.00),('4140719175',NULL,NULL,NULL,0.00),('4140719247',NULL,NULL,NULL,0.00),('4140719404',NULL,NULL,NULL,0.00),('4140719518',NULL,NULL,NULL,0.00),('4140719580',NULL,NULL,NULL,0.00),('4140721173',NULL,NULL,NULL,0.00),('4140728447',NULL,NULL,NULL,0.00),('4140728698',NULL,NULL,NULL,0.00),('4140729713',NULL,NULL,NULL,0.00),('4140731522',NULL,NULL,NULL,0.00),('4140733905',NULL,NULL,NULL,0.00),('4140734425',NULL,NULL,NULL,0.00),('4140734773',NULL,NULL,NULL,0.00),('4140736706',NULL,NULL,NULL,0.00),('4140737530',NULL,NULL,NULL,0.00),('4140737801',NULL,NULL,NULL,0.00),('4140738552',NULL,NULL,NULL,0.00),('4140742075',NULL,NULL,NULL,0.00),('4140744456',NULL,NULL,NULL,0.00),('4140744961',NULL,NULL,NULL,0.00),('4140747215',NULL,NULL,NULL,0.00),('4140747280',NULL,NULL,NULL,0.00),('4140759342',NULL,NULL,NULL,0.00),('4140762841',NULL,NULL,NULL,0.00),('4140763162',NULL,NULL,NULL,0.00),('4140765830',NULL,NULL,NULL,0.00),('4140768211',NULL,NULL,NULL,0.00),('4140771524',NULL,NULL,NULL,0.00),('4140771618',NULL,NULL,NULL,0.00),('4140772259',NULL,NULL,NULL,0.00),('4140773215',NULL,NULL,NULL,0.00),('4140773220',NULL,NULL,NULL,0.00),('4140773315',NULL,NULL,NULL,0.00),('4140773359',NULL,NULL,NULL,0.00),('4140773412',NULL,NULL,NULL,0.00),('4140773417',NULL,NULL,NULL,0.00),('4140773421',NULL,NULL,NULL,0.00),('4140773425',NULL,NULL,NULL,0.00),('4140773694',NULL,NULL,NULL,0.00),('4140781578',NULL,NULL,NULL,0.00),('4140781695',NULL,NULL,NULL,0.00),('4140787410',NULL,NULL,NULL,0.00),('4140788168',NULL,NULL,NULL,0.00),('4140788219',NULL,NULL,NULL,0.00),('4140790298',NULL,NULL,NULL,0.00),('4140791669',NULL,NULL,NULL,0.00),('4140792343',NULL,NULL,NULL,0.00),('4140792931',NULL,NULL,NULL,0.00),('4140794494',NULL,NULL,NULL,0.00),('4140796668',NULL,NULL,NULL,0.00),('4140797595',NULL,NULL,NULL,0.00),('4140798149',NULL,NULL,NULL,0.00),('4140798636',NULL,NULL,NULL,0.00),('4140809011',NULL,NULL,NULL,0.00),('4140809534',NULL,NULL,NULL,0.00),('4140813429',NULL,NULL,NULL,0.00),('4140816055',NULL,NULL,NULL,0.00),('4140816120',NULL,NULL,NULL,0.00),('4140816179',NULL,NULL,NULL,0.00),('4140817149',NULL,NULL,NULL,0.00),('4140818167',NULL,NULL,NULL,0.00),('4140818879',NULL,NULL,NULL,0.00),('4140820267',NULL,NULL,NULL,0.00),('4140820417',NULL,NULL,NULL,0.00),('4140820452',NULL,NULL,NULL,0.00),('4140820615',NULL,NULL,NULL,0.00),('4140820693',NULL,NULL,NULL,0.00),('4140821406',NULL,NULL,NULL,0.00),('4140824747',NULL,NULL,NULL,0.00),('4140825630',NULL,NULL,NULL,0.00),('4140826623',NULL,NULL,NULL,0.00),('4140828833',NULL,NULL,NULL,0.00),('4140830520',NULL,NULL,NULL,0.00),('4140842416',NULL,NULL,NULL,0.00),('4140843348',NULL,NULL,NULL,0.00),('4140858125',NULL,NULL,NULL,0.00),('4140858657',NULL,NULL,NULL,0.00),('4140862110',NULL,NULL,NULL,0.00),('4140872273',NULL,NULL,NULL,0.00),('4140872277',NULL,NULL,NULL,0.00),('4140874509',NULL,NULL,NULL,0.00),('4140876240',NULL,NULL,NULL,0.00),('4140877635',NULL,NULL,NULL,0.00),('4140883774',NULL,NULL,NULL,0.00),('4140883896',NULL,NULL,NULL,0.00),('4140885559',NULL,NULL,NULL,0.00),('4140888198',NULL,NULL,NULL,0.00),('4140912419',NULL,NULL,NULL,0.00),('4140912632',NULL,NULL,NULL,0.00),('417.-XVI',NULL,906.73,NULL,NULL),('419-XVIF',NULL,805.97,NULL,NULL),('428-XVID',NULL,1788.36,NULL,NULL),('450-XVIF',NULL,3224.41,NULL,NULL),('457-XVI',NULL,1778.95,NULL,NULL),('492-XVID',NULL,1370.90,NULL,NULL),('544-XVID',NULL,2990.84,NULL,NULL),('550-XVI',NULL,2039.67,NULL,NULL),('559-XVID',NULL,1039.48,NULL,NULL),('616-XVID',NULL,1696.62,NULL,NULL),('651-XVIF',NULL,1856.82,NULL,NULL),('68264-SH',NULL,NULL,NULL,0.00),('734-XVI',NULL,532.13,NULL,NULL),('795-XVI',NULL,4141.28,NULL,NULL),('808-X',NULL,467.48,NULL,NULL),('815-XVIF',NULL,45.10,NULL,NULL),('842-XVI',NULL,1712.09,NULL,NULL),('849-XVID',NULL,1826.06,NULL,NULL),('858-XVID',NULL,1873.10,NULL,NULL),('865-XVID',NULL,1256.85,NULL,NULL),('952-XVIF',NULL,NULL,NULL,500.00),('958-XVIF',NULL,1941.92,NULL,NULL),('967-XVI',NULL,1712.09,NULL,NULL),('991-XVIF',NULL,1314.89,NULL,NULL),('ENVIO-0117',NULL,NULL,NULL,595.08),('ENVIO-12/16',NULL,NULL,NULL,348.00),('MA-1412',NULL,1449.26,NULL,NULL),('MA-1485',NULL,320.46,NULL,NULL),('MA-1530',NULL,142.74,NULL,NULL),('MA-1601',NULL,121.48,NULL,NULL),('MA-1615',NULL,474.17,NULL,NULL),('MA-1721',NULL,340.45,NULL,NULL),('MA-1733',NULL,59.58,NULL,NULL),('MA-1752',NULL,423.19,NULL,NULL),('MA-1755',NULL,443.28,NULL,NULL),('MA-1776',NULL,1745.03,NULL,NULL),('MA-1823',NULL,76.10,NULL,NULL),('MA-1869',NULL,190.99,NULL,NULL),('MA-1912',NULL,457.48,NULL,NULL),('MA-1930',NULL,457.48,NULL,NULL),('MA-1961',NULL,1805.64,NULL,NULL),('MA-2031',NULL,2481.90,NULL,NULL),('MA-2092',NULL,171.32,NULL,NULL),('MA-2123',NULL,951.66,NULL,NULL),('MA-2136',NULL,228.94,NULL,NULL),('MA-2148',NULL,37.68,NULL,NULL),('MA-2149',NULL,1100.19,NULL,NULL),('MA-2154',NULL,1750.45,NULL,NULL),('MA-2162',NULL,859.87,NULL,NULL),('MA-2209',NULL,236.06,NULL,NULL),('MA-2210',NULL,329.09,NULL,NULL),('MA-2262',NULL,1712.09,NULL,NULL),('MA-2268',NULL,65.33,NULL,NULL),('MA-2287',NULL,537.18,NULL,NULL),('MA-2309',NULL,966.37,NULL,NULL),('MA-2348',NULL,234.69,NULL,NULL),('MA-2349',NULL,1285.06,NULL,NULL),('MA-2351',NULL,138.71,NULL,NULL),('MA-2372',NULL,1707.30,NULL,NULL),('MA-2377',NULL,1707.30,NULL,NULL),('MA-2380',NULL,1726.75,NULL,NULL),('MA-2388',NULL,377.00,NULL,NULL),('MA-2389',NULL,1077.55,NULL,NULL),('MA-2395',NULL,118.08,NULL,NULL),('MA-2401',NULL,606.62,NULL,NULL),('MA-2444',NULL,96.33,NULL,NULL),('MA-2445',NULL,96.33,NULL,NULL),('MA-2466',NULL,1941.92,NULL,NULL),('MA-2469',NULL,1388.98,NULL,NULL),('MA-2470',NULL,1104.23,NULL,NULL),('MA-2472',NULL,1778.18,NULL,NULL),('MA-2497',NULL,440.80,NULL,NULL),('MA-2515',NULL,58.84,NULL,NULL),('MA-2522',NULL,NULL,NULL,1800.00),('MA-2523',NULL,NULL,NULL,1650.00),('MA-2524',NULL,676.29,NULL,NULL),('MA-2555',NULL,NULL,NULL,1950.00),('MA-2574',NULL,NULL,NULL,679.76),('MA-2575',NULL,NULL,NULL,3440.10),('MA-2576',NULL,NULL,NULL,900.00),('MA-2577',NULL,NULL,NULL,870.00),('MA-2578',NULL,NULL,NULL,390.00),('MA-2579',NULL,NULL,NULL,3840.02),('MA-2580',NULL,NULL,NULL,312.09),('MA-2581',NULL,NULL,NULL,246.04),('MA-2583',NULL,NULL,NULL,400.00),('MA-2584',NULL,NULL,NULL,3000.00),('MA-2586',NULL,NULL,NULL,4249.95),('MA-2587',NULL,NULL,NULL,340.10),('MA-2588',NULL,95.49,NULL,188.96),('MA-2589',NULL,NULL,NULL,3600.00),('MA-2590',NULL,NULL,NULL,2300.00),('MA-2591',NULL,NULL,NULL,10700.00),('MA-2592',NULL,NULL,NULL,70.00),('MA-2593',NULL,NULL,NULL,650.00),('MA-2594',NULL,122.10,NULL,NULL),('MA-2595',NULL,NULL,NULL,800.00),('MA-2597',NULL,NULL,NULL,50.00),('MA-2598',NULL,824.45,NULL,NULL),('MA-2599',NULL,334.14,NULL,650.00),('MA-2600',NULL,31.46,NULL,80.00),('MA-2601',NULL,6046.85,NULL,7200.00),('MA-2602',NULL,499.47,NULL,NULL),('MA-2603',NULL,NULL,NULL,2050.00),('MA-2604',NULL,NULL,NULL,200.00),('MA-2605',NULL,NULL,NULL,650.00),('MA-2606',NULL,NULL,NULL,650.00),('MA-2607',NULL,3800.01,NULL,3800.00),('MA-2608',NULL,NULL,NULL,30.00),('MA-2609',NULL,NULL,NULL,65.00),('MA-2610',NULL,3228.47,NULL,NULL),('MA-2611',NULL,NULL,NULL,156.00),('MA-2612',NULL,NULL,NULL,80.00),('MA-2613',NULL,499.75,NULL,NULL),('MA-2614',NULL,NULL,NULL,3950.00),('MA-2615',NULL,38.70,NULL,NULL),('MA-2616',NULL,NULL,NULL,1200.00),('MA-2617',NULL,NULL,NULL,101.00),('MA-2618',NULL,NULL,NULL,350.00),('MA-2619',NULL,NULL,NULL,896.00),('MA-2620',NULL,NULL,NULL,1800.00),('MA-2621',NULL,NULL,NULL,9400.00),('MA-2622',NULL,NULL,NULL,520.03),('MA-2623',NULL,NULL,NULL,960.00),('MA-2624',NULL,NULL,NULL,270.00),('MA-2625',NULL,NULL,NULL,275.00),('MA-2626',NULL,NULL,NULL,1400.00),('MA-2627',NULL,NULL,NULL,1800.00),('MA-2628',NULL,NULL,NULL,4600.00),('MA-2629',NULL,NULL,NULL,1290.00),('MA-2630',NULL,NULL,NULL,4100.00),('MA-2631',NULL,NULL,NULL,4400.00),('MA-2632',NULL,NULL,NULL,600.00),('MA-2633',NULL,NULL,NULL,2200.00),('MA-2634',NULL,NULL,NULL,4600.00),('MA-2635',NULL,NULL,NULL,599.96),('MA-2636',NULL,NULL,NULL,250.00),('MA-2637',NULL,NULL,NULL,189.00),('MA-2638',NULL,NULL,NULL,380.02),('MA-2639',NULL,NULL,NULL,170.06),('MA-2640',NULL,NULL,NULL,430.01),('MA-2641',NULL,NULL,NULL,120.00),('MA-2642',NULL,NULL,NULL,435.00),('MA-2643',NULL,NULL,NULL,100.00),('MA-2644',NULL,NULL,NULL,950.00),('MA-2645',NULL,NULL,NULL,1803.00),('MA-2646',NULL,365.13,NULL,NULL),('MA-2647',NULL,NULL,NULL,1600.00),('MA-2648',NULL,385.14,NULL,NULL),('MA-2649',NULL,390.22,NULL,NULL),('MA-2650',NULL,795.01,NULL,NULL),('MA-2651',NULL,247.58,NULL,NULL),('MA-2652',NULL,334.14,NULL,NULL),('MA-2653',NULL,966.37,NULL,NULL),('MA-2654',NULL,1761.16,NULL,NULL),('MA-2655',NULL,230.38,NULL,NULL),('MA-2656',NULL,190.14,NULL,NULL),('MA-2657',NULL,66.26,NULL,NULL),('O28-XVIIF',NULL,NULL,NULL,0.00);
/*!40000 ALTER TABLE `material_cargo` ENABLE KEYS */;
UNLOCK TABLES;

--
-- Table structure for table `mensajes`
--

DROP TABLE IF EXISTS `mensajes`;
/*!40101 SET @saved_cs_client     = @@character_set_client */;
/*!40101 SET character_set_client = utf8 */;
CREATE TABLE `mensajes` (
  `idTecnico` bigint(30) DEFAULT NULL,
  `msg` varchar(400) COLLATE utf8_spanish_ci DEFAULT NULL
) ENGINE=InnoDB DEFAULT CHARSET=utf8 COLLATE=utf8_spanish_ci;
/*!40101 SET character_set_client = @saved_cs_client */;

--
-- Dumping data for table `mensajes`
--

LOCK TABLES `mensajes` WRITE;
/*!40000 ALTER TABLE `mensajes` DISABLE KEYS */;
INSERT INTO `mensajes` VALUES (39485,'Prueabaasmasl'),(29384860,'Prueba de tecnico'),(29384860,'alksndalskndlkasndlasd');
/*!40000 ALTER TABLE `mensajes` ENABLE KEYS */;
UNLOCK TABLES;

--
-- Table structure for table `partes`
--

DROP TABLE IF EXISTS `partes`;
/*!40101 SET @saved_cs_client     = @@character_set_client */;
/*!40101 SET character_set_client = utf8 */;
CREATE TABLE `partes` (
  `folio` varchar(15) COLLATE utf8_spanish_ci NOT NULL,
  `parte` varchar(15) COLLATE utf8_spanish_ci NOT NULL,
  `costo` decimal(10,2) DEFAULT NULL,
  PRIMARY KEY (`folio`,`parte`)
) ENGINE=InnoDB DEFAULT CHARSET=utf8 COLLATE=utf8_spanish_ci;
/*!40101 SET character_set_client = @saved_cs_client */;

--
-- Dumping data for table `partes`
--

LOCK TABLES `partes` WRITE;
/*!40000 ALTER TABLE `partes` DISABLE KEYS */;
INSERT INTO `partes` VALUES (' 778-XV','DA47-00064H',87.42),('001-XVII','DC64-01810B',821.89),('002-XVII','ELP-001',230.38),('002-XVIIG','DC32-30006S',162.12),('003-XVIICD','JC33-00019A',93.25),('003-XVIICD','JC97-02217A',36.38),('003-XVIID','BN44-00754A',1159.13),('005-XVII','BN96-13063B',385.17),('006-XVII','FRGE-002',805.97),('006-XVIIF','BN44-00428A',1700.36),('007-XVIIG','DC62-00311D',595.80),('007-XVIIG','DC62-30314P',250.21),('008-XVD','BN96-11526B',1755.86),('009-XVII','DC47-00017A',173.11),('009-XVII','DC64-00828A',206.69),('009-XVII','ELP-001',230.38),('011-XVIID','BN39-01652T',169.35),('011-XVIIF','BN96-28766A',519.74),('014-XVIICD','JC33-00028B',91.50),('014-XVIICD','JC97-02217A',36.38),('015-XVIIF','BN96-28766A',519.74),('017-XVIIF','DC62-00214Q',546.38),('018-XVIF','AH40-00173C',605.71),('018-XVIF','AH94-03049A',999.73),('018-XVIF','AH96-01939C',16.98),('021-XVII','DC31-00030J',397.29),('022-XVIIF','BN96-21348A',7098.36),('023-XVII','DA41-00669C',1118.58),('023-XVIID','BN95-02636B',7169.99),('023-XVIIF','DA35-00099G',90.48),('023-XVIIF','DA96-00504A',39.90),('024-XVII','DC61-02027A',6.22),('024-XVII','DC64-01524C',12.99),('024-XVII','DC66-00497A',69.23),('026-XVII','DA41-00669C',1118.58),('033-XVII','BN96-25299A',447.12),('042-XVII','DA32-00029B',44.45),('042-XVII','DA97-05053J',1142.68),('043-XVIIF','ELP-001',230.38),('046-XVII','DA35-00099G',90.48),('047-XVIIF','DA32-00006R',54.01),('047-XVIIF','DA32-00006W',82.13),('047-XVIIF','DA32-00027B',90.75),('047-XVIIF','DA47-00064H',341.74),('047-XVIIF','DA47-00243S',138.90),('047-XVIIF','DA62-01527A',210.13),('047-XVIIF','DA97-07190H',841.14),('052-XVII','BN94-07822P',1768.05),('052-XVIIF','AD43-00199A',328.45),('053-XVII','DC31-00030J',397.29),('056-XVII','BN94-05675F',1653.39),('057-XVII','GH81-13556A',52.69),('057-XVII','GH82-11498B',1158.79),('057-XVII','GH82-11498C',1158.79),('057-XVIIF','BN94-07410U',1880.79),('058-XVII','BN94-07924W',1762.11),('058-XVIIF','DC93-00101N',1790.99),('060-XVII','DA35-00099G',90.48),('062-XVII','FRCS-002',850.00),('065-XVII','SK-3A1/XAA',316.62),('066-XVII','DC97-00469P',219.54),('066-XVII','DC97-05280T',553.46),('067-XVIG','VALV-001',20.01),('070-XVII','DA32-00006E',40.55),('070-XVII','DA47-00301F',74.80),('070-XVII','DA97-13527A',673.33),('071-XVIIF','BN95-01331A',1750.44),('072-XVIIF','DC92-00143D',1689.86),('072-XVIIF','DC97-08773B',77.30),('073-XVIG','DC47-00016B',73.22),('073-XVIG','DC47-00016C',87.14),('074-XVII','DA32-00006W',82.13),('074-XVII','DA32-00029A',61.43),('074-XVII','DA47-00064D',113.44),('074-XVIIF','DA32-00033C',60.23),('074-XVIIF','DA47-00064H',170.87),('074-XVIIF','DA97-13757A',848.85),('075-XVII','BN94-07061D',1706.00),('076-XVIG','ELP-001',230.38),('076-XVII','FRGE-002',805.97),('078-XVIIF','BN94-06617F',4046.15),('078-XVIIF','BN96-25376A',416.59),('078-XVIIF','BN96-26669A',406.49),('081-XVIIF','BN96-28766A',1039.48),('084-XVIIF','DA32-00027B',181.49),('084-XVIIF','DA97-07190J',1272.10),('085-XVII','AD43-00194A',360.71),('087-XVII','FRGE-002',805.97),('092-XVI','DC32-30006S',162.12),('092-XVI','DC96-01562B',380.70),('094-XVII','GH59-14179A',253.01),('094-XVII','GH97-16565A',1960.52),('095-XVIG','DC64-00519D',587.13),('095-XVIG','DC92-01621E',1494.61),('096-XV','DC96-01113G',467.48),('1000-XVIF','DA32-00006W',82.13),('1000-XVIF','DA97-01419M',1076.39),('1007-XVIF','DC62-30314J',372.39),('101-XVII','BN96-27468A',388.80),('101-XVIIF','3722-003767',65.33),('101-XVIIF','GH59-13223A',567.40),('1018-XVIF','AH94-02678A',1160.09),('102-XVIG','DC62-00311D',595.80),('102-XVIG','DC62-30314P',250.21),('102-XVIIF','3722-003767',65.33),('102-XVIIF','GH59-13223A',567.40),('1024-XV','BN94-01723R',1627.11),('103-XVIIF','3722-003767',65.33),('103-XVIIF','GH59-13223A',567.40),('1048-XVI','DA35-00099G',180.96),('105-XVIIF','BN94-06922A',1564.49),('106-XVIG','BN94-07655D',7425.26),('106-XVII','ELP-001',230.38),('1065-XVIFF','SOP-001',20.01),('1072-XVI','DC92-00237N',1712.09),('1079-XVIF','DA97-06506A',555.08),('108-XVIG','DA32-10104N',64.03),('108-XVIG','DA47-00064D',113.44),('108-XVIG','DA97-12609C',1052.35),('1099-XVI','6602-001655',405.51),('1099-XVI','ELP-001',230.38),('110-XVII','DA97-12609C',1052.35),('110-XVIIF','BN40-00311A',162.74),('1111-XV','BN44-00498B',1244.91),('1113-XVIF','DA32-00027B',90.75),('1113-XVIF','DA97-07190H',841.14),('1125-XVIF','ELP-001',230.38),('1125-XVIF','SK-5A/XAA',576.39),('1128-XVIF','SK-5A/XAA',576.39),('113-XVIIF','DA32-00027B',90.75),('113-XVIIF','DA97-06197N',991.29),('1148-XVIF','DC62-00214M',535.07),('1159-XVIF','DA32-00027B',90.75),('1159-XVIF','DA97-07190H',841.14),('1165-XVIF','DA63-06541D',303.83),('1165-XVIF','DA97-07276E',610.86),('1166-XVI','ELP-001',230.38),('119-XVII','DA81-06007A',279.70),('119-XVII','MK183CS2U/SM1',1842.25),('119-XVIIF','JC33-00025B',92.00),('1194-XVI','BN44-00342B',1645.53),('120-XVIIF','JC33-00025B',92.00),('1200-XV','DA31-00146B',402.49),('1206-XV','DC97-08772H',647.63),('1210-XVIF','AD92-01982A',433.46),('124-XVIIF','DC31-00030J',397.29),('124-XVIIF','DC64-00802B',733.75),('1243-XVI','BN44-00564C',1692.05),('1247-XVIF','FRGE-002',805.97),('1258-XVIF','DA97-13483A',334.14),('1264-XV','DA97-05253R',297.98),('1267-XV','BN96-28766A',1039.48),('127-XVII','AH44-00317A',1329.80),('128-XVII','DA81-06007A',279.70),('128-XVII','MK183CS2U/SM1',1842.25),('128-XVIIF','BN44-00640A',1809.01),('1281-XVIF','DC92-00676A',929.16),('1288-XVIF','BN39-01887L',114.06),('1288-XVIF','BN44-00723A',2020.78),('1288-XVIFB','DC93-00101B',1694.54),('1309-XVI','BN94-07224F',1732.30),('131-XVII','DA32-10105H',52.90),('131-XVII','DA32-10105V',49.18),('131-XVII','DA32-10109W',55.59),('131-XVII','DA97-08059A',848.18),('132-XVII','AK94-00651E',1688.89),('134-XVI','DC97-07125Q',1646.61),('135-XVIIF','DC64-00922A',837.54),('1350-XVI','BN39-01475G',319.31),('1350-XVI','BN44-00526A',1783.45),('1357-XVIF','DC34-00025B',346.52),('1360-XV','DA59-00215D',598.56),('1360-XVI','DC64-01827A',804.77),('1360-XVIF','DC31-00030J',397.29),('1360-XVIF','DC62-00156A',119.53),('1360-XVIF','DC64-00802A',722.51),('1360-XVIF','DC97-12528A',1138.90),('1366-XVIF','FRGE-002',805.97),('1369-XVIF','DC97-14818L',1459.31),('1372-XVIF','BN94-06765B',1929.40),('1373-XVIF','DC97-09928C',35.08),('1373-XVIF','DC97-14818L',1459.31),('1376-XVIF','AH44-00296A',988.88),('138-XVII','FRGE-001',805.97),('1380-XV','DA97-00258H',646.06),('1383-XVI','DC93-00392A',385.80),('1383-XVI','MFS-WF203L-00',1634.10),('140-XVI','DA97-07603A',807.71),('148-XVII','DA41-00669C',1118.58),('1496-XV','DC96-01113G',467.48),('1498-XV','GH97-16565B',2095.83),('1510-XVIF','BN44-00264C',1608.18),('152-XVII','DC47-00016A',70.34),('152-XVII','DC47-00017A',173.11),('157-XVII','3722-003954',54.57),('1583-XVI','GH97-17525B',1274.84),('1588-XV','DC97-16799A',316.10),('1590-XV','BN44-00427B',1702.86),('1590-XV','BN94-04868A',2206.29),('1642-XVI','BN59-01148B',592.99),('1644-XVIF','GH97-16679B',1665.35),('166-XVII','3722-003700',54.94),('166-XVII','GH97-17525B',1274.84),('1665-XV','DA92-00440A',413.04),('1672-XVI','GH97-16047A',3017.89),('1675-XVI','DC64-00802A',722.51),('168-XVII','DA41-00669C',1118.58),('1680-XV','DA97-08059A',669.78),('1707-XVI','BN44-00645A',1455.54),('1709-XV','MFS-WD6122E-00',1717.14),('171-XVII','BN94-08846A',1765.04),('1722-XV','DA97-07190J',757.92),('1722-XV','DA97-07603A',611.20),('1723-XVI','DC32-30006Q',213.49),('173-XVII','BN95-01378A',14047.80),('1741-XVI','BN94-05244A',3004.84),('1762-XVI','BN94-06165C',1641.97),('1762-XVI','BN95-00861B',1496.31),('1762-XVI','BN96-28930A',1518.52),('1768-XVI','BN94-06692B',1284.05),('1776-XVI','3722-003767',65.33),('1796-XVI','BN94-07226K',1817.55),('181-XVII','DC31-00030J',397.29),('182-XVII','DA32-00029Q',53.08),('182-XVII','DA47-00301B',73.96),('1843-XVI','JC33-00025B',92.00),('1843-XVI','JC97-02669A',15.03),('1864-XVI','BN96-38627A',581.91),('187-XVII','ELP-001',230.38),('1871-XVI','GH97-17525B',1274.84),('188-XVIF','BN44-00496B',967.63),('1881-XVI','GH59-11210A',184.21),('1881-XVI','GH59-12404A',303.66),('189-XVIF','BN44-00496B',967.63),('1890-XVI','GH97-17162A',2505.19),('1890-XVI','GH97-17755A',1607.27),('1902-XV','BN44-00498A',1201.62),('191-XVICD','BN95-02606A',16132.46),('1928-XVIF','BN44-00645A',1455.54),('193-XVII','BN39-01475A',169.62),('1961-XV','DC97-05280C',224.37),('1961-XV','DC97-05280D',224.37),('197-XVII','DC97-16350B',350.48),('197-XVII','DC97-16350C',346.03),('1971-XVI','BN95-02607A',0.00),('1977-XV','STK 392-040',510.40),('199-XVII','AH44-00299A',666.19),('199-XVII','AH94-03045D',1131.74),('2004-XV','DC97-00469R',202.40),('201-XVII','DA35-00099G',90.48),('201-XVII','DA47-00064H',170.87),('201-XVII','DA97-12683A',573.53),('202-XVII','DC97-18094A',982.89),('2028-XVI','DA32-00006R',54.01),('2028-XVI','DA32-00027B',90.75),('2028-XVI','DA97-07190J',1272.10),('203-XVII','DC97-17543A',944.66),('206-XVII','BN44-00703G',765.32),('2064-XV','AH44-00304A',944.94),('2069-XVI','ELP-001',230.38),('2075-XV','DA97-05557Y',321.99),('2075-XV','DA97-07190H',736.15),('208-XVII','DA32-00006W',82.13),('208-XVII','DA47-00038D',113.08),('208-XVII','DA47-00064H',170.87),('2109-XVI','FRGE-002',805.97),('2110-XVI','DC97-05280W',677.58),('2110-XVI','DC97-16350C',346.03),('213-XVII','DC31-00030J',397.29),('2132-XVI','BN39-01475C',166.94),('2132-XVI','BN59-01148C',592.24),('2132-XVI','BN94-05586Z',2994.09),('2132-XVI','BN96-25299A',447.12),('2135-XVI','FRGE-001',805.97),('215-XVII','DA32-10109W',55.59),('215-XVII','DA47-00301F',74.80),('215-XVII','DA97-05255T',1311.73),('2154-XVI','DA32-10104N',64.03),('2154-XVI','DA97-12609C',1052.35),('2181-XVI','FRGE-001',805.97),('2187-XVI','FRGE-002',805.97),('2189-XVI','FRGE-001',805.97),('219-XVII','DC34-00025A',542.45),('2192-XVI','DA31-00043D',389.27),('2192-XVI','DA32-00029A',61.43),('2192-XVI','DA32-00029B',44.45),('2192-XVI','DA97-03870B',613.08),('2192-XVI','DA97-05052G',681.80),('2197-XVI','DA97-00655T',306.54),('2197-XVI','DA97-00655U',292.46),('220-XVI','BN96-21118A',1814.27),('220-XVII','DA32-10104N',64.03),('2204-XVI','GH81-12656A',158.82),('2204-XVI','GH81-12668A',152.02),('2204-XVI','GH97-17114A',1540.36),('2206-XV','DC97-14373H',1634.51),('2207-XVI','BN59-01148C',592.24),('221-XVII','BN94-06168J',1757.76),('2210-XVI','BN44-00264C',1608.18),('2211-XVI','DC32-30006S',162.12),('2211-XVI','DC92-01005B',977.97),('222-XVII','DA32-10104N',64.03),('222-XVII','DA47-00064H',170.87),('222-XVII','DA97-12609B',1102.28),('2227-XV','DC47-00016B',51.97),('2227-XV','DC47-00016C',62.08),('223-XVI','DC64-00652E',538.97),('2255-XV','DA41-00484A',680.07),('227-XVII','GH81-13071A',256.64),('227-XVII','GH82-10453B',1112.36),('227-XVII','GH96-08815A',118.08),('227-XVII','GH98-35870A',46.12),('2296-XV','DC97-16799A',316.10),('2325-XV','DC96-01113G',467.48),('2330-XV','DC64-00922A',837.54),('234-XVII','DC64-00922A',837.54),('235-XVII','DC96-01414A',795.01),('2357-XV','DA97-05369D',911.11),('2369-XV','DC64-00922A',644.50),('2401-XV','BN94-09125J',2016.66),('2438-XV','DC64-00922C',824.66),('247-XVII','BN94-07580H',3844.39),('249-XVICD','BN44-00424A',1620.74),('2497-XV','DA96-00401R',1040.47),('2499-XV','DC31-00049A',1703.27),('2499-XV','DC64-00802A',722.51),('250-XVII','DA97-13527A',673.33),('253-XVII','BN94-09124M',2007.32),('255-XVII','BN96-07269A',203.87),('2570-XV','DC92-00237N',1712.09),('2574-XV','DC64-00519B',685.82),('2574-XV','DC92-00237N',1712.09),('263-XVII','BN44-00774A',1453.99),('2637-XV','DC47-00006L',358.51),('2637-XV','DC90-10128N',78.60),('2666-XV','DA47-00064H',170.87),('2666-XV','MSA162PS1B/SMC',1750.57),('267-XVII','DC64-02805A',600.60),('268-XVII','BN39-01652T',169.35),('270-XVID','BN96-19756A',1672.58),('271-XVII','DC64-00802C',757.58),('273-XVII','GH81-13555A',47.78),('273-XVII','GH81-13556A',52.69),('275-XVIF','DC47-00016C',87.14),('275-XVIF','DC64-01524A',15.87),('275-XVIF','DC96-01533F',648.09),('277-XVII','DC64-00922A',837.54),('283-XVII','BN40-00225A',440.08),('283-XVII','BN44-00666A',1137.36),('292-XVI','DA32-00006W',82.13),('292-XVI','DA97-05247T',892.31),('338-XVI','DC97-16849A',469.28),('343-XV-1','DA97-00670F',272.11),('362-XVI','DA97-10594B',681.73),('384-XVI','DA92-00440A',544.24),('388-XVF','DC96-01113G',508.37),('411-XVI','BN44-00510A',1637.92),('4128666758A','DC93-00393B',445.92),('4129641455A','3903-000796',111.38),('4129717524A','FRGE-001',694.80),('4129732517A','TRA-001',141.60),('4129738512A','CBR-001',28.20),('4129840383A','FRGE-001',694.80),('4129969116A','ELP-001',230.38),('4131812567A','CBR-001',30.00),('4131812567A','MAN-001',230.00),('4132687171A','FRGE-001',805.97),('4132707424A','FRGE-001',805.97),('4132789259A','MAN-001',230.00),('4132789259A','TRA-001',235.00),('4135435850A','DA63-07374C',92.09),('4136692265A','DC97-00139Y',149.88),('4136796776A','SK-5A/XAA',576.39),('4136838063A','DC97-17543A',944.66),('4137007626A','DA97-00209Z',310.50),('4138037360','ELP-001',230.38),('4138883966A','FRGE-001',805.97),('4138935227A','DA97-13483A',334.14),('4139248130','BN95-02607A',25721.82),('4139754705A','CBR-001',30.00),('4139754705A','MAN-001',230.00),('4139754705A','TRA-01',235.00),('4139838527A','DA91-04329F',2444.84),('4139995346A','MAN-001',230.00),('4139995346A','TRA-01',235.00),('4140066729A','ELP-001',230.38),('4140626763A','DC31-00030J',397.29),('417.-XVI','DA96-00395D',906.73),('419-XVIF','FRGE-001',805.97),('428-XVID','GH97-13630A',1788.36),('450-XVIF','BN94-05129A',3224.41),('457-XVI','AH94-03343A',1778.95),('492-XVID','BN44-00612B',1370.90),('544-XVID','BN44-00499A',1261.79),('544-XVID','BN94-07061C',1729.05),('550-XVI','BN39-01475H',236.06),('550-XVI','BN94-06695X',1803.61),('559-XVID','BN96-28766A',1039.48),('616-XVID','BN94-06194W',NULL),('616-XVID','BN94-06230P',1696.62),('651-XVIF','DC97-14818L',1459.31),('651-XVIF','DC97-16799A',397.51),('734-XVI','BN96-30902E',532.13),('795-XVI','DC31-00154A',1043.95),('795-XVI','DC31-00155A',756.48),('795-XVI','DC96-01703C',158.90),('795-XVI','DC97-05280W',338.72),('795-XVI','DC97-16350C',173.01),('795-XVI','DC97-16984A',1670.21),('808-X','DC96-01113G',467.48),('815-XVIF','JC97-02669A',45.10),('842-XVI','DC92-00237N',1712.09),('849-XVID','BN94-05917T',1826.06),('858-XVID','BN94-05675P',1873.10),('865-XVID','BN44-00703F',1256.85),('958-XVIF','DA47-00064H',170.87),('958-XVIF','DC92-00247G',1771.05),('967-XVI','DC92-00237N',1712.09),('991-XVIF','DC97-17275W',1314.89),('MA-1412','DC31-00045E',1449.26),('MA-1485','AD44-00203A',320.46),('MA-1530','DA62-01469E',142.74),('MA-1601','BN96-30816C',121.48),('MA-1615','GH43-03756A',474.17),('MA-1721','GH43-03782A',340.45),('MA-1733','DA32-00006W',59.58),('MA-1752','GH43-03795A',423.19),('MA-1755','GH43-03833A',443.28),('MA-1776','BN94-05675X',1745.03),('MA-1823','BN61-07953A',76.10),('MA-1869','GH39-01602A',190.99),('MA-1912','DC34-00024B',457.48),('MA-1930','DC34-00024B',457.48),('MA-1961','BN44-00621C',1805.64),('MA-2031','BP96-01472A',2481.90),('MA-2092','DA34-00048A',171.32),('MA-2123','AH59-02290A',951.66),('MA-2136','BN39-01154P',228.94),('MA-2148','DA31-00095A',37.68),('MA-2149','BN44-00563A',1100.19),('MA-2154','BN44-00711A',1750.45),('MA-2162','DA97-00258J',859.87),('MA-2209','BN39-01475H',236.06),('MA-2210','DA97-14084A',329.09),('MA-2262','DC92-00237N',1712.09),('MA-2268','3722-003767',65.33),('MA-2287','DA97-13502J',537.18),('MA-2309','DC97-14370E',966.37),('MA-2348','BN96-37933A',234.69),('MA-2349','DA41-00726D',1285.06),('MA-2351','AH59-02545A',138.71),('MA-2372','BN94-05435A',1707.30),('MA-2377','BN94-05435A',1707.30),('MA-2380','DC93-00033B',1726.75),('MA-2388','DB93-06987C',377.00),('MA-2389','BN44-00838A',1077.55),('MA-2395','GH59-14423A',118.08),('MA-2401','BN44-00799A',606.62),('MA-2444','BN81-12884A',96.33),('MA-2445','BN81-12884A',96.33),('MA-2466','BN94-02585N',1941.92),('MA-2469','BN44-00668A',1388.98),('MA-2470','BN94-08310Q',1104.23),('MA-2472','BN96-11475A',1778.18),('MA-2497','DC97-14530J',440.80),('MA-2515','AH81-08544A',58.84),('MA-2524','GH59-13111A',676.29),('MA-2588','JC66-02086D',95.49),('MA-2594','AA81-00243A',122.10),('MA-2598','BN81-04629A',824.45),('MA-2599','DA97-13483A',334.14),('MA-2600','DA63-01203D',20.97),('MA-2601','AA59-00817A',6046.85),('MA-2602','BN39-02248A',499.47),('MA-2607','BOMBA FLUJET',3800.01),('MA-2610','BN94-07234R',3228.47),('MA-2613','BA44-00266A',499.75),('MA-2615','JC39-00408A',38.70),('MA-2646','DA97-13728G',365.13),('MA-2648','GH43-04372A',385.14),('MA-2649','BN59-01259B',390.22),('MA-2650','DC96-01414A',795.01),('MA-2651','DC31-00098A',247.58),('MA-2652','DA97-13483A',334.14),('MA-2653','DC97-14370E',966.37),('MA-2654','DC97-16462C',1761.16),('MA-2655','ELP-001',230.38),('MA-2656','DC97-16782A',190.14),('MA-2657','3601-001198',66.26);
/*!40000 ALTER TABLE `partes` ENABLE KEYS */;
UNLOCK TABLES;

--
-- Table structure for table `partes_confirmadas`
--

DROP TABLE IF EXISTS `partes_confirmadas`;
/*!40101 SET @saved_cs_client     = @@character_set_client */;
/*!40101 SET character_set_client = utf8 */;
CREATE TABLE `partes_confirmadas` (
  `folio` varchar(15) COLLATE utf8_spanish_ci NOT NULL,
  `parte` varchar(15) COLLATE utf8_spanish_ci NOT NULL,
  `costo` varchar(15) COLLATE utf8_spanish_ci DEFAULT NULL,
  PRIMARY KEY (`folio`,`parte`)
) ENGINE=InnoDB DEFAULT CHARSET=utf8 COLLATE=utf8_spanish_ci;
/*!40101 SET character_set_client = @saved_cs_client */;

--
-- Dumping data for table `partes_confirmadas`
--

LOCK TABLES `partes_confirmadas` WRITE;
/*!40000 ALTER TABLE `partes_confirmadas` DISABLE KEYS */;
/*!40000 ALTER TABLE `partes_confirmadas` ENABLE KEYS */;
UNLOCK TABLES;

--
-- Table structure for table `persona`
--

DROP TABLE IF EXISTS `persona`;
/*!40101 SET @saved_cs_client     = @@character_set_client */;
/*!40101 SET character_set_client = utf8 */;
CREATE TABLE `persona` (
  `nombre` varchar(20) DEFAULT NULL,
  `ap` varchar(50) DEFAULT NULL,
  `rfc` varchar(15) DEFAULT NULL,
  `idTecnico` bigint(30) NOT NULL,
  PRIMARY KEY (`idTecnico`),
  KEY `rfc` (`rfc`),
  CONSTRAINT `persona_ibfk_1` FOREIGN KEY (`rfc`) REFERENCES `user` (`rfc`) ON DELETE CASCADE ON UPDATE CASCADE
) ENGINE=InnoDB DEFAULT CHARSET=latin1;
/*!40101 SET character_set_client = @saved_cs_client */;

--
-- Dumping data for table `persona`
--

LOCK TABLES `persona` WRITE;
/*!40000 ALTER TABLE `persona` DISABLE KEYS */;
INSERT INTO `persona` VALUES ('Daniel','Santana','7C33',39485),('Jose','Aviles','13',216375),('Arturo','Rivas','12',385677),('Benjamin','B','14',6097987),('Gerardo','Acosta','dfa16',29384860),('Miguel','Lopez','16',76263764),('Armando','Cabral Delgado','17',94590274);
/*!40000 ALTER TABLE `persona` ENABLE KEYS */;
UNLOCK TABLES;

--
-- Table structure for table `registro_gspn`
--

DROP TABLE IF EXISTS `registro_gspn`;
/*!40101 SET @saved_cs_client     = @@character_set_client */;
/*!40101 SET character_set_client = utf8 */;
CREATE TABLE `registro_gspn` (
  `Reclamacion_del_ASC` varchar(15) NOT NULL,
  `Modelo` varchar(14) NOT NULL,
  `Nro_de_Serie` varchar(15) NOT NULL,
  `Valor_de_la_Mano_de_Obra` float DEFAULT NULL,
  `FLETES` float DEFAULT NULL,
  `Estado` int(11) NOT NULL,
  `Ingeniero` bigint(20) DEFAULT NULL,
  PRIMARY KEY (`Reclamacion_del_ASC`)
) ENGINE=InnoDB DEFAULT CHARSET=latin1;
/*!40101 SET character_set_client = @saved_cs_client */;

--
-- Dumping data for table `registro_gspn`
--

LOCK TABLES `registro_gspn` WRITE;
/*!40000 ALTER TABLE `registro_gspn` DISABLE KEYS */;
INSERT INTO `registro_gspn` VALUES ('4139259002','UN49KU6500FXZX','05RT3CAHA01291N',418.75,0,20,5686000063),('4139361473','RT38K5710S8/EM','0AR94BAH901699Z',550,0,20,5686019520),('4139423513','UN78KU6500FXZX','061F3CAH900031J',445,0,20,5686000041),('4139548628','UN60KU6000FXZX','05SH3CZH900538J',418.75,0,20,5686013176),('4139584960','WA16J6710LW/AX','0AG25BAGA00041W',450,0,20,5686019520),('4139594420','UN60KU6000FXZX','05SH3CZHA02168N',418.75,0,20,5686013176),('4139597174_RC','WA422PRHDWR/AX','Y79M5AED100072F',405,0,20,5686020703),('4139665132','RT35K5982SL/EM','0AMC4BAHA00789W',280,0,20,5686019520),('4139693037','WA14F5L2UWW/AX','H02Y5BAHA02810L',280,0,20,5686019520),('4139705771','WD15F5K5ASR/AX','070T53AH800050H',220,0,20,5686017957),('4139705902','UN55KU6300FXZX','05N73CTH908370X',418.75,0,20,5686013176),('4139757013','UN49KU6500FXZX','05RT3CAHA03272B',418.75,77.6,20,5686000063),('4139759518','RF260BEAESL/EM','JKWP4BBFA00393N',200,0,95,5686000110),('4139760906','UN55KU6000FXZX','05SN3CXH800444R',418.75,0,20,5686000063),('4139793011','UN65JU6700FXZX','042V3CDH501000K',418.75,0,20,5686000063),('4139795286','UN55KU6300FXZX','05N73CTH905596H',418.75,0,10,5686013176),('4139798662','RF26HFENDSL/EM','0AFF4BBH901021B',NULL,0,20,5686019520),('4139800649','RF260BEAESL/EM','JKWU4BBH900515K',360,0,20,5686020627),('4139805023','WA16J6710LW/AX','0AG25BAH302913K',280,0,20,5686020627),('4139805513','WA19F7L2UDW/AX','0ANC5BAHA00902R',200,0,20,5686017957),('4139806806','WD11J6410AX/AX','0E255ABH900980P',200,0,20,5686000082),('4139831680_RC','WA422PRHDWR/AX','Y79M5AED100265F',405,0,20,5686020703),('4139832385','UN65JU6100FXZX','053Z3CDGA00115H',418.75,0,20,5686013176),('4139834372_RC','WA422PRHDWR/AX','Y79M5AED300053M',405,0,20,5686020627),('4139845219','DV20H5600GP/AX','0AEE5BBHB00007J',200,0,10,5686000082),('4139845892_RC','WA456DRHDSU/AX','Y76M5AUF600005X',405,0,20,5686020627),('4139846754_RC','WA456DRHDSU/AX','Y76M5AED400007E',405,0,20,5686020703),('4139848657','RF221NCTASL/AP','JLGJ4BAHB01109B',200,0,20,5686021543),('4139851100','WF18H5200AP/AX','0DBV5AEHA00309W',200,63.8,20,5686021543),('4139861610','DV18H5000GW/AX','0AFE5BCH500070Y',200,0,20,5686000082),('4139862147_RC','WA456DRHDSU/AX','Y76M5AED600030Z',405,0,20,5686020703),('4139863017','RH25H5613SL/EM','0AFN4BBHA00129N',200,0,20,5686021543),('4139865472','SL-M2070W/XAX','06YCB8KH9D00JEB',407,0,20,5686000074),('4139876307','RF25HMEDBSL/EM','0AJQ4BBHB00009X',200,0,20,5686021543),('4139877783','DV21H7200GP/AX','0AH95BBHB00064B',200,50,10,5686021543),('4139885840_RC','WA456DRHDSU/AX','Y76M5AEF100128M',405,0,20,5686020627),('4139887232_RC','WA456DRHDWR/AX','Y7AU5AUF500018X',405,0,20,5686019520),('4139887737_RC','WA456DRHDWR/AX','Y7AU5AUF600027J',405,0,20,5686019520),('4139888490','UN55KU6300FXZX','05N73CTH904268D',418.75,0,10,5686000063),('4139889455_RC','WA422PRHDWR/AX','Y79M5AED100349X',405,0,20,5686019520),('4139889967_RC','WA456DRHDSU/AX','Y76M5AED700035J',405,0,20,5686019520),('4139898514','WD15F5K5ASR/AX','070T53AHA00379F',200,0,20,5686000082),('4139901318','WA422PRHDWR/AX','Y79M5AED600109X',280,0,20,5686017957),('4139901318_RC','WA422PRHDWR/AX','Y79M5AED600109X',405,0,20,5686017957),('4139905760','WD11J6410AX/AX','0E255ABH901138E',200,0,20,5686000082),('4139906164','RF26J7500SL/EM','0AJR4BBGA00089R',200,0,20,5686024713),('4139909525','WF18H5000AW/AX','0DBU5AEH901640L',NULL,0,20,5686000082),('4139909559','DV18H5000GW/AX','0AFE5BCHA00281P',NULL,0,20,5686000082),('4139911103','RT38K5932SL/EM','0ANV4BAH300808W',280,0,20,5686019520),('4139914214','WA456DRHDSU/AX','Y76M5AED600085D',280,0,10,5686020703),('4139914214_RC','WA456DRHDSU/AX','Y76M5AED600085D',405,0,20,5686020703),('4139914304','RF261BEAESL/EM','0AJX4BBH901277R',360,0,20,5686020627),('4139921554','WA456DRHDSU/AX','Y76M5AEDC00164X',280,0,20,5686019520),('4139921554_RC','WA456DRHDSU/AX','Y76M5AEDC00164X',405,0,20,5686019520),('4139922698','WA456DRHDWR/AX','Y7AU5AEF200059Z',280,0,20,5686020627),('4139922698_RC','WA456DRHDWR/AX','Y7AU5AEF200059Z',405,0,20,5686020627),('4139924390','RH25H5613SL/EM','0AFN4BBH700048M',360,0,20,5686017957),('4139925369','WA456DRHDSU/AX','Y76M5AUF600001K',280,0,20,5686019520),('4139925369_RC','WA456DRHDSU/AX','Y76M5AUF600001K',405,0,20,5686019520),('4139934975','DV16J4000GW/AX','0AJF5BBGB00251B',300,0,20,5686020703),('4139935667','UN40J5200AFXZX','057Y3CEHA00800Z',415,0,20,5686013176),('4139935849','RT53K6541SL/EM','0DCT4DBH200919X',280,0,20,5686019520),('4139936146','UN55KU6000FXZX','05SN3CAH400425D',418.75,0,20,5686013176),('4139937499_RC','WA422PRHDWR/AX','Y79M5AED100042L',405,0,10,5686019520),('4139937774','WA456DRHDSU/AX','Y76M5AEDC00100R',280,0,10,5686020627),('4139937774_RC','WA456DRHDSU/AX','Y76M5AEDC00100R',405,0,20,5686020627),('4139937892_RC','WA456DRHDSU/AX','Y76M5AED100074E',405,0,20,5686020627),('4139937895','WA456DRHDSU/AX','Y76M5AED100148Z',405,0,95,5686020627),('4139937895_RC','WA456DRHDSU/AX','Y76M5AED100148Z',405,0,99,5686020627),('4139937895_RC_R','WA456DRHDSU/AX','Y76M5AED100148Z',405,0,20,5686020627),('4139938506','RT38K5982SL/EM','0AJV4BAH800728K',280,0,20,5686019520),('4139946708','UN48JU6100FXZX','053Y3CAG900733W',314,0,20,5686000041),('4139947375','WF20H5700AP/AX','0CUR5AEH800277D',200,0,90,5686000082),('4139947429','DV20H5600GP/AX','0AEE5BBHA00037M',200,0,20,5686000082),('4139947737','RT38K5982SL/EM','0AJV4BAH400519W',280,0,20,5686020627),('4139952096','WF22H6300AG/AX','0CCD5AEH900243H',200,0,20,5686019519),('4139952451','SL-M2020/XAX','074FB8GH9B01PJX',308,0,20,5686000074),('4139957736','WF20H5700AP/AX','0CUR5AEH900013B',200,0,90,5686000082),('4139957884','DV457GVGSGR/AX','B0KN53BF500083W',200,0,10,5686000082),('4139958480','WD10J6410AW/AX','0ELU5ABG900773E',300,0,20,5686019520),('4139958868','RS25H5005SL/EM','0AFW4BAH500155D',200,0,20,5686024713),('4139961435','DV363GWBEWR/AX','JLU15BBF900573A',300,0,20,5686020627),('4139963834','WD15F5K5ASR/AX','070T53AH900099Y',200,0,20,5686000082),('4139964113','WA19F7L2UDW/AX','0ANC5BAH300112K',280,0,20,5686019520),('4139965238','HT-H4530R/ZX','0AUE121FC00203V',215,0,20,5686000074),('4139965553','WD11J6410AX/AX','0E255ABH901194X',200,0,20,5686021543),('4139966041','UN58H5203AFXZX','036E3CNH905055J',418.75,0,20,5686000041),('4139966874','RF263BEAESL/AP','JKWP4BBHB00548J',200,0,20,5686024713),('4139967135','WF18H5200AP/AX','0DBV5AEHA00309W',NULL,0,20,5686020703),('4139975188','WF20H5700AP/AX','0CUR5AEHB00077L',200,0,20,5686019519),('4139975395','WD18J7825KP/AX','08CT53AH900086A',200,0,20,5686024713),('4139975456','DV22H6300GG/AX','0ADR5BBHA00165A',200,0,20,5686021543),('4139975853','RF260BEAESL/EM','JKWU4BBHC00067Z',200,0,20,5686019519),('4139975890','WF22H6300AG/AX','0CCD5AEH900254L',200,0,20,5686021543),('4139977477','DV21H7200GP/AX','0AH95BCHB00017Y',200,0,20,5686021543),('4139977709','WA21H7200AP/AX','0D0L5AEHA00009F',200,0,20,5686021543),('4139978778','WD22J9845KG/AX','0FE65AEH800369J',200,0,20,5686000082),('4139979040','WD15F5K5ASG/AX','070R53AHA00031T',200,0,20,5686000082),('4139983383','RF221NCTASL/EM','JLGJ4BAH901476E',200,0,20,5686000082),('4139983714','RT38K5982SL/EM','0AJV4BAH300438R',280,0,20,5686020627),('4139984060','RT35K5982SL/EM','0AMC4BAH400280X',280,0,20,5686019520),('4139984682','RT38K5982SL/EM','0AJV4BAH201804P',280,0,20,5686017957),('4139985651','DV18H5000GW/AX','0AFE5BBH900157E',200,0,20,5686019519),('4139985955','WF18H5000AW/AX','0DBU5AEHA00953N',200,0,90,5686000082),('4139986009','DV18H5200GP/AX','0AFE5BCHA00066B',200,0,10,5686000082),('4139986078','RF221NCTASR/EM','0ARK4BAHB01861W',200,25.9,20,5686021543),('4139986642','RT38K5932SL/EM','0ANV4BAH500264M',280,0,20,5686019520),('4139987157','RT35K5932SL/EM','0ANP4BAH500449F',280,0,20,5686019520),('4139987187','WA17F7L2UWW/AX','JLL25BAD901151L',280,0,20,5686020627),('4139987764','WD18J7825KP/AX','08CT53AH900017D',200,0,20,5686019519),('4139990912','RT29K5710SL/EM','0ANR4BAH601530K',280,0,20,5686023311),('4139991766','UN49K5300AFXZX','05VA3CVH900971A',418.75,0,20,5686000063),('4139992461','WA19F7L2UDW/AX','0ANC5BAH801181M',280,0,20,5686023311),('4139993892','WD11J6410AX/AX','0E255ABH900065P',200,0,20,5686000082),('4139995344','WF18H5200AP/AX','0DBV5AEHA00302X',200,0,20,5686021543),('4139995346','DV18H5200GP/AX','0AFB5BBHA00014E',200,0,20,5686021543),('4139995371','WA14F5L2UWW/AX','H02Y5BAH904428H',280,0,20,5686020627),('4139995380','RF263BEAESL/EM','JKWP4BBHB00468M',200,0,20,5686000082),('4139995482','WD20J9810KW/AX','0G3Q5AEHA00828D',200,0,20,5686000082),('4139995601','WD15F5K5ASG/AX','070R53AHA00009J',200,0,20,5686019519),('4139996302','WF18H5200AP/AX','0DBV5AEH800562T',200,0,20,5686021543),('4140001956','DV18H5000GW/AX','0AFE5BCHC00126X',300,0,20,5686021543),('4140004368','DV20H5600GP/AX','0AEE5BBH200004L',300,0,20,5686019520),('4140006258','RT38K5982SL/EM','0AJV4BAH301170M',280,0,20,5686023311),('4140006307','WD20J9810KW/AX','0G3Q5AEHA00221P',200,0,20,5686019519),('4140006379','WF22H6300AG/AX','0CCD5AEH800077Z',200,0,20,5686019519),('4140006687','RF260BEAESL/EM','JKWU4BBHA00630V',NULL,0,20,5686000082),('4140006888','WF18H5200AP/AX','0DBV5AEHA00186F',200,0,90,5686000082),('4140007575','DV18H5000GW/AX','0AFB5BCHC00171F',200,0,20,5686000082),('4140008865','WF18H5200AP/AX','0DBV5AEHA00350H',200,0,95,5686019519),('4140009119','WF18H5200AP/AX','0DBV5AEH900191Z',200,0,20,5686000082),('4140009852','WD11J6410AX/AX','0E255ABH901221L',200,0,20,5686000082),('4140010481','DV21H7200GP/AX','0AH95BBHB00024M',NULL,-27.6,20,5686021543),('4140011800','MG402MCDXBB/AX','J71H7WDF500633B',160,0,20,5686000074),('4140011981','RH25H5613SL/EM','0AFN4BAHA00212H',200,0,20,5686019519),('4140012259','WF22H6300AG/AX','0CCD5AEH900117F',200,0,10,5686019519),('4140012407','DV20H5600GP/AX','0AEE5BBHA00010Z',200,0,10,5686019519),('4140012919','RS25H5002SL/EM','0AFW4BAH900229T',200,0,20,5686000082),('4140013910','RT38K5982SL/EM','0AJV4BAH501873D',280,0,20,5686017957),('4140013995','WD15F5K5ASG/AX','070R53AHA00077Y',200,0,20,5686024713),('4140014260','WA18F7G4UWW/AX','JLR05BAD900598R',280,0,20,5686017957),('4140015552','WD18H7300KP/AX','070U53AG900453R',220,0,20,5686017957),('4140018214','DV18H5000GW/AX','0AFE5BCHB00458B',200,0,20,5686019519),('4140018266','WF18H5000AW/AX','0DBU5AEHA01108D',200,0,20,5686019519),('4140019421','WD15F5K5ASG/AX','070R53AH900450K',220,0,20,5686019520),('4140020675','WF18H5200AP/AX','0DBV5AEH900436P',200,0,20,5686021543),('4140020746','DV18H5200GP/AX','0AFB5BBHB00050V',200,0,20,5686021543),('4140021771','UN55K6500AFXZX','05PY3CTH800306X',418.75,0,20,5686000063),('4140021777','RT38K5982SL/EM','0AJV4BAH601431J',280,0,20,5686023311),('4140022197','RT38K5982SL/EM','0AJV4BAH301891D',280,0,20,5686023311),('4140028299','RT32JCRBDSL/EM','0AGH4BAGB01292L',280,0,20,5686017957),('4140029543','RT35K5932SL/EM','0ANP4BAH500335H',200,0,20,5686017957),('4140030455','WD18J7825KP/AX','08CT53AHA00272K',200,0,20,5686019519),('4140030685','RF263BEAESL/EM','JKWP4BBHC00100R',200,0,20,5686017957),('4140033380','RF263BEAESL/EM','JKWP4BBH500334R',200,0,20,5686021543),('4140034774','WA19F7L2UDW/AX','0ANC5BAHC00722J',200,0,20,5686017957),('4140037219','BD-J5700/ZX','0A781RAH102442X',130,0,20,5686009917),('4140039854','WF18H5200AP/AX','0DBV5AEH800247K',200,0,20,5686000082),('4140041769','WA16J6710LW/AX','0AG25BAHB01239H',280,0,20,5686020627),('4140042394','WA456DRHDWR/AX','Y7AU5AUF600131M',280,0,20,5686017957),('4140042394_RC','WA456DRHDWR/AX','Y7AU5AUF600131M',405,0,20,5686017957),('4140045478','UN32J4000AFXZX','041V3CEH601681K',360,0,20,5686000030),('4140047337','RT35FEAJDSL/EM','JL6T4BAFA03248K',280,0,20,5686019520),('4140058643','WD1172XVM/XAX','Y42553AF100095J',NULL,0,20,5686017957),('4140059353','WD15F5K5ASG/AX','070R53AH800913R',200,0,20,5686024713),('4140065284','WA16J6710LW/AX','0AG25BAH901068E',200,0,20,5686019520),('4140065288','RS25H5005SL/EM','0AFW4BAH900242D',200,0,20,5686000082),('4140066729','DV18H5000GW/AX','0AFE5BCHA00295L',300,0,20,5686020703),('4140067172','RT32JCRBDSL/EM','0AGH4BAGB01292L',NULL,0,20,5686017957),('4140067721','WF22H6300AG/AX','0CCD5AEH800077Z',200,0,80,5686019519),('4140067889','DV22H6300GG/AX','0ADR5BBHA00191B',200,0,10,5686019519),('4140068228','UN49KS7000FXZX','05N53CYH900837R',418.75,0,20,5686000063),('4140068325','DV22H6300GG/AX','0ADR5BCH400074W',300,45.7,20,5686021543),('4140068545','WA14F5L2UWW/AX','H02Y5BAH304050P',NULL,-60.3,20,5686021543),('4140068629','WD22J9845KG/AX','0FE65AEH800040D',200,0,20,5686000082),('4140069063','RT38K5982SL/EM','0AJV4BAH400188X',280,0,20,5686023311),('4140069830','RF260BEAESL/EM','JKWU4BBHC00012X',200,0,20,5686021543),('4140069887','RT38K5982SL/EM','0AJV4BAHA04405D',200,0,20,5686020703),('4140070137','WA18F7L8DTA/AX','JLLR5BAF600001B',NULL,0,20,5686024713),('4140071757','UN55KU6500FXZX','05RX3CTHB00353V',418.75,0,20,5686013176),('4140072981','WA19J6750LP/AX','0ANE5BAH700086P',280,0,20,5686020627),('4140073491','RT38K5982SL/EM','0AJV4BAH800568T',550,0,10,5686017957),('4140083216','RS25H5005SL/EM','0AFW4BAHA00216D',200,0,20,5686020627),('4140083998','DV21H7200GP/AX','0AH95BBHB00008J',200,0,20,5686021543),('4140084339','WD20J9810KW/AX','0G3Q5AEHB00307V',200,0,20,5686020627),('4140085960','RT38K5982SL/EM','0AJV4BAH301434Y',280,0,20,5686017957),('4140087481','WD11J6410AX/AX','0E255ABH900664P',300,0,20,5686023311),('4140088832','UN40K5300AFXZX','05V93CSHB01106K',415,0,20,5686000041),('4140089002','WA19F7L2UDW/AX','0ANC5BAH901574E',200,0,20,5686020703),('4140089005','UN50J5550AFXZX','06A43CBH913498L',418.75,0,20,5686000041),('4140090547','RT35K5982SL/EM','0AMC4BAH900227Z',550,0,10,5686023311),('4140091287','WD20J9810KW/AX','0G3Q5AEH800333K',300,0,20,5686020627),('4140091463','RT29K5710SL/EM','0ANR4BAH602398A',550,0,20,5686023311),('4140092247','RT38K5982SL/EM','0AJV4BAH300892V',280,0,20,5686017957),('4140093044','BD-J5700/ZX','0A781RBH700509Z',130,0,20,5686009917),('4140093600','UN49KU6500FXZX','05RT3CAH600666R',363.75,0,20,5686000030),('4140094951','MX-J630/ZX','0B4C121H200412Y',135,0,20,5686009917),('4140095312','WD20J9810KW/AX','0G3Q5AEHA00188A',200,0,20,5686024713),('4140095389','UN32J4360AFXZX','06A33CGHA07289K',360,0,20,5686013170),('4140097576','WD11J6410AX/AX','0E255ABH800893N',200,0,20,5686024713),('4140100597','UN40KU6000FXZX','05SK3CFH900378K',360,0,20,5686013170),('4140101453','WD146UVHJRA/AX','Y42W53ADB00008D',300,0,20,5686024713),('4140101528','WF18H5000AW/AX','0DBU5AEH901986X',200,0,20,5686019519),('4140101687','RT53H6631SL/EM','0BCM4DBF700091R',280,0,20,5686023311),('4140106143','WF18H5200AP/AX','0DBV5AEH700212Y',200,0,20,5686019519),('4140106145','DV18H5200GP/AX','0AFB5BCHC00062H',200,0,10,5686019519),('4140106827','WD11J6410AX/AX','0E255ABH900036T',200,0,20,5686024713),('4140115318','RT35K5982SL/EM','0AMC4BAH700645T',280,0,20,5686017957),('4140116161','RT53K6541SL/EM','0DCT4DBH600735N',280,0,20,5686020627),('4140117341','WD15F5K5ASR/AX','070T53AH800641Y',300,0,20,5686017957),('4140117346','DV456GWHDSU/AX','Y76L5AED300062Z',300,0,20,5686020703),('4140118831','RS25J5008SP/EM','0AGE4BAHA00548M',200,0,20,5686000082),('4140119087','WA17F7L2UWW/AX','JLL25BAGA02449R',450,0,20,5686020703),('4140121355','RF260BEAESL/EM','0AFF4BBHA01422Y',600,0,20,5686020703),('4140121835','RT35K5982SL/EM','0AMC4BAH701066J',280,0,20,5686023311),('4140122018','WD15F5K5ASG/AX','070R53AHA00168W',200,0,20,5686024713),('4140122466','RH25H5613SL/EM','0AFN4BAHA00120N',200,0,20,5686000082),('4140125661','RT29K5710SL/EM','0ANR4BAH501168P',280,0,20,5686019520),('4140126709','DV22H6300GG/AX','0ADR5BCH300014B',NULL,0,20,5686020703),('4140129776','RS25J5008SP/EM','0AGE4BAH900260P',360,0,20,5686020703),('4140130969','WD10J6410AW/AX','0E1U5ABH900043K',200,0,20,5686021543),('4140134057','RF28K9380SR/EM','08GJ43BHB00013N',200,0,20,5686019519),('4140134792','WD20J9810KW/AX','0G3Q5AEHA00141X',200,0,20,5686019519),('4140135868','WD10J6410AW/AX','0E1U5ABH900237N',300,0,20,5686019520),('4140135952','UN60J6300AFXZX','045T3CCGB00360Y',418.75,0,20,5686000041),('4140136184','WD20J9810KW/AX','0G3Q5AEHA00441J',200,0,20,5686021543),('4140136619','WD11J6410AX/AX','0E255ABH400452K',300,0,20,5686020627),('4140136671','UN55KU6500FXZX','05RX3CTH500388K',418.75,0,20,5686013176),('4140144222','WF22H6300AG/AX','0CCD5AEH800066D',200,27.6,20,5686021543),('4140145388','WA14F5L2UWW/AX','H02Y5BAG900958J',450,0,20,5686019520),('4140148597','AGE0103MBT/XAX','J71G7WDD900074B',NULL,0,20,5686009917),('4140148842','WD1172XVM/XAX','Y42553AF500093T',300,0,20,5686019520),('4140149210','HT-J5500K/ZX','0BGW124H401012E',180,0,20,5686000074),('4140152818','RS25H5005SL/EM','0AFW4BAHB00334T',200,0,20,5686021543),('4140156327','WF18H5200AP/AX','0DBV5AEH800648L',200,0,20,5686019519),('4140161058','UN55J5550AFXZX','06A83CAHB00149Y',418.75,0,20,5686013176),('4140162335','RF26HFENDSL/EM','0AFF4BBHB00804R',200,0,20,5686000082),('4140163317','UN55KS9000FXZX','05H63CBH300024L',418.75,0,20,5686000063),('4140172835','DV22H6300GG/AX','0ADR5BBG200123N',200,0,10,5686019519),('4140177861','WF18H5000AW/AX','0DBU5AEH901839Z',200,0,20,5686021543),('4140177915','DV18H5000GW/AX','0AFE5BCHB00367Z',200,0,20,5686021543),('4140177952','UN40KU6000FXZX','05SK3CUH400669Z',360,0,20,5686009917),('4140178393','LH46UECPLGC/ZA','Z745HCJDA00851A',230,0,20,5686000041),('4140178682','RH77H90507H/EM','06DX43AHA00003H',360,0,20,5686020703),('4140179471','WD20J9810KW/AX','0G3Q5AEHA00156H',200,0,20,5686024713),('4140179769','RF26HFENDSL/EM','0AFF4BBH901021B',360,0,20,5686020627),('4140181898','SL-M5370LX/XAA','075HBJFGC000PJT',284,0,20,5686000074),('4140182987','WD11J6410AX/AX','0E255ABH400214Z',220,25.9,20,5686020703),('4140183545','UN32J4300AFXZX','04CC3CNH401204T',611,0,20,5686000030),('4140184324','MS402MADXBB/AX','J6VZ7WDH700505V',160,0,20,5686000074),('4140188843','WA16J6710LW/AX','0AG25BAHA00517D',280,0,20,5686019520),('4140189432','DV21H7200GW/AX','0AHH5BCH400032P',NULL,0,20,5686020703),('4140194012','RT38K5982SL/EM','0AJV4BAH401929H',280,0,20,5686023311),('4140194362','WF18H5000AW/AX','0DBU5AEHA00263W',200,0,90,5686019519),('4140194370','DV18H5000GW/AX','0AFE5BCHB00489V',200,0,20,5686019519),('4140194453','RT38K5982SL/EM','0AJV4BAH402321F',280,0,20,5686020703),('4140194935','WD116UHSAGD/AX','Y7465ADF500121B',300,0,20,5686019520),('4140197068','WD20J9810KW/AX','0G3Q5AEHA00741B',200,0,20,5686019519),('4140198069','RF260BEAESL/EM','JKWU4BBDC00267V',360,0,20,5686017957),('4140198165','RT53H6631SL/EM','0BCM4DBGA00076H',280,0,20,5686017957),('4140199619','WF18H5000AW/AX','0DBU5AEHA01064D',200,0,20,5686000082),('4140199620','DV18H5000GW/AX','0AFE5BCHC00051H',200,0,10,5686000082),('4140199685','WF22H6300AG/AX','0CCD5AEH300230Y',220,0,20,5686019520),('4140199713','RT38K5982SL/EM','0AJV4BAH503085A',280,0,20,5686017957),('4140200818','DV21H7200GW/AX','0AHH5BBH400041B',200,0,20,5686024713),('4140203131','WF18H5000AW/AX','0DBU5AEH600569J',200,0,20,5686024713),('4140203221','DV18H5000GW/AX','0AFE5BCH700099J',200,0,20,5686024713),('4140204145','WD146UVHJRA/AX','Y42W53AF200692T',300,0,20,5686020703),('4140205746','UN55K6500AFXZX','05PY3CTHA06687N',418.75,0,20,5686013176),('4140213681','UN50J5550AFXZX','06A43CBH913273V',418.75,0,20,5686000063),('4140214527','UN32J4300AFXZX','04CC3CNH425742P',360,0,20,5686000030),('4140216564','WD11J6410AX/AX','0E255ABH801141J',200,0,20,5686019519),('4140216851','WF20H5700AP/AX','0CUR5AEHA00065W',200,0,20,5686019519),('4140217619','WA16F7G4UWW/AX','JLR25BBF200485E',450,0,20,5686020703),('4140219274','WF20H5700AP/AX','0CUR5AEH900261F',200,0,20,5686024713),('4140226003','WD18J7825KP/AX','08CT53AHA00330E',200,0,20,5686020627),('4140226411','WD15F5K5ASG/AX','070R53AHA00126Z',200,0,20,5686019519),('4140227304','WF18H5000AW/AX','0DBU5AEHA01008A',200,0,90,5686019519),('4140227464','DV18H5000GW/AX','0AFE5BCHA00092W',200,0,20,5686019519),('4140227847','RF263BEAESL/EM','JKWP4BBH800048T',200,0,20,5686019519),('4140228060','WF22H6300AG/AX','0CCD5AEH800073J',200,0,10,5686019519),('4140228896','DV20H5600GP/AX','0AEE5BBHA00157K',300,0,10,5686021543),('4140230775','BD-J5700/ZX','0A781RBH901399K',130,0,20,5686009917),('4140231580','UN49K5300AFXZX','05VA3CVHB02812A',314,0,20,5686013176),('4140232009','UN70KU6000FXZX','060Y3CBHC00287E',418.75,27.6,20,5686000063),('4140232592','UN32J4300AFXZX','04CC3CNH200828V',360,0,20,5686009917),('4140233168','BD-J5700/ZX','0A781RAH401115H',130,0,20,5686000074),('4140234107','UN49K6500AFXZX','05PX3CAHA02497D',418.75,0,20,5686000041),('4140238070','RF221NCTASR/EM','0ARK4BAHA01862N',280,0,20,5686020627),('4140238096','RT29FBRHDSP/EM','JL764BAF401749Z',550,0,20,5686017957),('4140247796','RT35K5982SL/EM','0AMC4BAH400953W',280,0,20,5686023311),('4140248097','LH46UECPLGC/ZA','Z745HCJF300406N',230,0,20,5686000041),('4140249013','MS32F303TAW/AX','0AAF7WTG200894R',160,0,20,5686009917),('4140249032','LH46UEDPLGC/ZA','029BHCMFA00129T',230,0,20,5686000041),('4140249311','RT35K5982SL/EM','0AMC4BAH400409Z',280,0,20,5686023311),('4140249351','LH46UEDPLGC/ZA','029BHCJF500165F',230,0,20,5686000041),('4140249560','LH46UEDPLGC/ZA','029BHCMFA00189L',230,0,20,5686000041),('4140255606','UN55KS7500FXZX','05RW3CCH400498W',418.75,0,20,5686000030),('4140255860','RF260BEAESL/TA','JKWU4BBHC00297A',200,0,20,5686021543),('4140256227','DV21H7200GW/AX','0AHH5BCHA00012J',200,0,20,5686021543),('4140257244','BD-J5700/ZX','0A781RAH305290B',130,0,20,5686000074),('4140257782','WD22J9845KG/AX','0FE65AEHB00066V',200,0,20,5686021543),('4140259224','RT53K6541SL/EM','0DCT4DBH100161L',280,0,20,5686019520),('4140260596','WD146UVHJRA/AX','Y42W53AF400101B',300,0,20,5686019520),('4140260675','WD1172XVM/XAX','Y42553AF400142T',220,42.24,10,5686020703),('4140260838','DV20H5600GP/AX','0AEE5BAH400001D',300,0,20,5686020703),('4140262919','WF18H5200AP/AX','0DBV5AEH900173K',200,0,20,5686000082),('4140263054','BD-J5700/ZX','0A781RAH808424L',130,0,20,5686000074),('4140263464','RF26HFENDSL/EM','0AFF4BBH901823D',360,0,20,5686023311),('4140263467','WA18F7G4UWW/AX','JLR05BADC01039L',280,0,20,5686017957),('4140266930','WF20H5700AP/AX','0CUR5AEH700058X',200,0,20,5686021543),('4140266946','DV20H5600GP/AX','0AEE5BAGA00109A',200,0,20,5686021543),('4140267944','UN48JU6100FXZX','053Y3CAH203911Y',418.75,0,20,5686000041),('4140268509','UN49KU6500FXZX','05RT3CAH600199Z',418.75,0,20,5686013176),('4140269610','RT38K5982SL/EM','0AJV4BAHA03253E',280,0,20,5686019520),('4140269776','RT38K5710S8/EM','0AR94BAHA03206K',550,0,90,5686020703),('4140280699','WD18J7825KP/AX','08CT53AH800542H',200,0,20,5686000082),('4140281495','RT29K5710SL/EM','0ANR4BAH601686L',280,0,20,5686020703),('4140282396','WA19J6730LS/AX','0AP75BAH401178M',200,0,20,5686023311),('4140282778','UN40J5300AFXZX','04E83CFH500765Z',363.75,0,20,5686000030),('4140283594','RS25H5002SL/EM','0AFW4BAHA00284L',200,0,20,5686000082),('4140286772','UN50J5550AFXZX','06A43CBH901353L',418.75,0,20,5686000041),('4140288240','WD15F5K5ASG/AX','070R53AH200159K',300,0,20,5686019520),('4140288750','UN50J5550AFXZX','06A43CBH914540D',418.75,0,20,5686000063),('4140290287','WD22J9845KG/AX','0FE65AEHB00056F',200,0,20,5686021543),('4140290587','RF263BEAESL/EM','JKWP4BBH800120F',200,0,20,5686021543),('4140291167','WD146UVHJRA/AX','Y42W53AF200751Y',300,0,20,5686019520),('4140294419','RT35FEAJDSL/EM','JL6T4BAF501962B',280,0,20,5686020627),('4140294928','UN40K5100AFXZX','05V83CSH900857H',415,0,20,5686000063),('4140295509','WD15F5K5ASR/AX','070T53AH400283J',220,0,20,5686017957),('4140295686','WF18H5200AP/AX','0DBV5AEHA00350H',220,0,20,5686019519),('4140297271','WD20J9810KW/AX','0G3Q5AEHA01245Z',200,0,20,5686000082),('4140297436','WA14F5L2UWW/AX','H02Y5BAF501306B',450,0,20,5686017957),('4140298058','UN60J6300AFXZX','045T3CRHA01280Z',418.75,0,20,5686013176),('4140298500','UN55KU6500FXZX','05RX3CTH700041P',418.75,0,20,5686000041),('4140298630','WD15F5K5ASR/AX','070T53AH801289J',200,0,20,5686000082),('4140299316','WD15F5K5ASG/AX','070R53AH900277H',200,0,20,5686024713),('4140301468','WD22J9845KG/AX','0FE65AEHB00045D',200,0,20,5686000082),('4140307211','RT29K5710SL/EM','0ANR4BAH301049N',280,0,20,5686020627),('4140308337','RT29K5710SL/EM','0ANR4BAH600567D',280,0,20,5686019520),('4140309464','WD22J9845KG/AX','0FE65AEH900169M',200,0,20,5686019519),('4140311051','WF20H5700AP/AX','0CUR5AEH800295E',200,0,20,5686021543),('4140311122','DV20H5600GP/AX','0AEE5BBHA00033A',200,0,10,5686021543),('4140312187','RT38K5982SL/EM','0AJV4BAH500264H',550,0,20,5686019520),('4140312557','MS32F303TAW/AX','0AAF7WRH401666M',160,0,20,5686000074),('4140314412','WD11J6410AX/AX','0E255ABH900328E',200,0,20,5686024713),('4140315627','WD18J7825KP/AX','08CT53AHA00448M',200,0,20,5686021543),('4140316046','RT38FEAKDSL/EM','JLHS4BAH100221A',200,0,20,5686017957),('4140317908','DV21H7200GW/AX','0AHH5BBH900028B',200,0,20,5686000082),('4140318631','WD22J9845KG/AX','0FE65AEH900143M',200,0,20,5686000082),('4140320053','WF18H5200AP/AX','0DBV5AEH900606X',200,0,20,5686000082),('4140320428','WD15F5K5ASG/AX','070R53AH800890K',200,0,20,5686024713),('4140322056','WD11J6410AX/AX','0E255ABH800756D',200,0,20,5686024713),('4140322575','RT38K5982SL/EM','0AJV4BAH400286Y',280,0,20,5686019520),('4140323410','WF20H5700AP/AX','0CUR5AEH900154V',200,0,90,5686000082),('4140323704','DV20H5600GP/AX','0AEE5BBH800007Y',200,0,20,5686000082),('4140325226','WD11J6410AX/AX','0E255ABH801038K',200,0,20,5686024713),('4140326198','DV18H5000GW/AX','0AFE5BBGA00235J',300,0,20,5686023311),('4140327176','DV19J3000GW/AX','0AHU5BBHA00056J',300,0,20,5686020627),('4140328940','WA14F5L2UWW/AX','H02Y5BAF701876R',280,0,10,5686021543),('4140329512','UN55KU6300FXZX','05N73CTH905247Y',418.75,0,20,5686000041),('4140329517','RT35FEAJDSL/EM','JL6T4BAF603396A',280,0,20,5686019520),('4140329681','RF221NCTASR/EM','0ARK4BAHA01475J',200,0,20,5686017957),('4140330798','WA18J6710LS/AX','0AG95BAH200858B',280,0,20,5686020627),('4140337133','WA21H7200AW/AX','0D0H5AEH800191F',280,0,20,5686017957),('4140338938','DV405GTPASU/AX','H00J5BBF600097B',300,0,20,5686020703),('4140341399','WD20J9810KW/AX','0G3Q5AEH800865M',200,0,20,5686000082),('4140343653','DV21H7200GP/AX','0AH95BBHC00022M',200,0,10,5686020627),('4140343737','WA21H7200AP/AX','0D0L5AEH900034B',200,0,20,5686020627),('4140344421','RT38K5932SL/EM','0ANV4BAH700234N',280,0,20,5686023311),('4140344519','WD15F5K5ASG/AX','070R53AH800929L',200,0,20,5686023311),('4140344795','DV18H5000GW/AX','0AFE5BCH800586F',300,27.6,10,5686020703),('4140344897','UN43KU6000FXZX','067P3CUHA01713W',418.75,0,20,5686000063),('4140347159','UN55KS7000FXZX','05NB3CYHB00296K',418.75,0,20,5686009917),('4140347438','BD-J5700/ZX','0A781RBH802631E',175,0,20,5686009917),('4140351606','WF20H5700AP/AX','0CUR5AEHB00056X',200,0,20,5686019519),('4140351697','DV20H5600GP/AX','0AEE5BCHB00075Y',NULL,0,80,5686019519),('4140352953','LS19D300NY/ZX','02CSHCKFA04345D',200,0,20,5686009917),('4140353205','LS19E310HY/ZX','ZZFTH4LG901179H',NULL,0,20,5686000030),('4140353847','RF221NCTASL/EM','JLGJ4BAH900825T',200,0,20,5686019519),('4140354081','RT32JCRBDSL/EM','0AGH4BAGB01292L',NULL,0,20,5686017957),('4140354222','RT46K6531SL/EM','0DUW4DBH400167M',280,0,20,5686021543),('4140354985','UN32J4000AFXZX','041V3CHH901958B',415,0,20,5686000063),('4140355317','DV22H6300GG/AX','0ADR5BBHA00035W',200,0,10,5686021543),('4140356362','RT35K5932SL/EM','0ANP4BAH300616T',280,0,20,5686024713),('4140356612','WD11J6410AX/AX','0E255ABH800725Y',200,0,20,5686024713),('4140356838','WA16J6710LW/AX','0AG25BAGA00139V',450,0,20,5686020627),('4140356962','WA19J6730LS/AX','0AP75BAHA00519M',450,19.8,10,5686017957),('4140357162','RT53K6541SL/EM','0DCT4DBH900772W',NULL,0,20,5686017957),('4140357197','UN50J5300AFXZX','04E93CBH300519T',418.75,0,20,5686013176),('4140357300','RT35K5982SL/EM','0AMC4BAH400047N',550,0,20,5686017957),('4140357523','RF221NCTASR/EM','0ARK4BAHA01421V',280,0,20,5686017957),('4140357588','RT35K5982SL/EM','0AMC4BAH202529H',280,0,20,5686019520),('4140357911','UN48JU6100FXZX','053Y3CBH300910H',418.75,0,20,5686000063),('4140361891','DV18H5200GP/AX','0AFB5BCHC00151E',200,0,20,5686019519),('4140361942','WF18H5200AP/AX','0DBV5AEH800564Y',200,0,90,5686019519),('4140362589','UN32J4360AFXZX','06A33CGH901211M',415,0,20,5686000041),('4140363573','HW-K550/ZX','0C0N124H800196J',180,0,20,5686009917),('4140364136','WF18H5000AW/AX','0DBU5AEH901962Z',200,0,20,5686021543),('4140364266','DV18H5000GW/AX','0AFE5BBHB00162T',200,0,20,5686021543),('4140365052','WA21H7200AW/AX','0D0H5AEHB00279E',200,0,10,5686021543),('4140365060','DV21H7200GW/AX','0AHH5BAHC00014H',200,0,10,5686021543),('4140365253','WF18H5000AW/AX','0DBU5AEHA00184F',200,0,20,5686000082),('4140365575','WA16J6710LW/AX','0AG25BAH303380T',450,0,20,5686019520),('4140365931','WF18H5000AW/AX','0DBU5AEHA00636W',200,0,10,5686021543),('4140366054','WD22J9845KG/AX','0FE65AEHB00043F',200,0,20,5686000082),('4140366480','DV22H6300GG/AX','0ADR5BBHA00144X',200,0,20,5686000082),('4140368196','RT35K5982SL/EM','0AMC4BAH900577H',550,0,20,5686019520),('4140368995','WF18H5200AP/AX','0DBV5AEH900123R',200,0,90,5686024713),('4140369045','DV18H5200GP/AX','0AFB5BCH800255H',200,0,20,5686024713),('4140370636','WD15F5K5ASG/AX','070R53AHA00046A',200,0,20,5686020703),('4140372330','RT38K5932SL/EM','0ANV4BAH700210X',280,0,20,5686017957),('4140373718','UN50J5550AFXZX','06A43CBH910621K',418.75,0,20,5686000063),('4140387564','SL-M4580FX/XAA','07H6BJFH20003KB',383,0,20,5686000074),('4140390263','WD15F5K5ASR/AX','070T53AHA00017D',200,0,20,5686000082),('4140391148','RT38K5982SL/EM','0AJV4BAHB00066P',280,0,20,5686017957),('4140393148','WD15F5K5ASG/AX','070R53AH900287F',200,0,20,5686019519),('4140394198','RH77H90507H/EM','06DX43AHB00012M',200,0,20,5686019520),('4140394989','SL-M4580FX/XAA','07H6BJFH600055Z',NULL,0,20,5686000074),('4140396053','WD15F5K5ASR/AX','070T53AFA00051L',300,0,10,5686024713),('4140400011','DV18H5200GP/AX','0AFB5BCH800075H',300,0,10,5686020703),('4140401363','UN32J4300AFXZX','04CC3CPH829897Y',360,0,20,5686000030),('4140401403','WD22H9600KG/AX','0D0J5AEGB00108N',200,0,20,5686020627),('4140401667','UN55K6550AFXZX','069U3CTHA03072V',418.75,0,20,5686013176),('4140401938','UN50J5550AFXZX','06A43CAH908068H',418.75,0,20,5686013176),('4140402097','UN50J5550AFXZX','06A43CAHB02490V',418.75,0,20,5686013176),('4140403129','UN48JU6100FXZX','053Y3CAG701525D',418.75,0,10,5686000063),('4140403388','WF18H5200AP/AX','0DBV5AEH800144K',200,0,20,5686021543),('4140403518','DV18H5200GP/AX','0AFB5BAH500107P',200,0,20,5686021543),('4140404918','RT38K5982SL/EM','0AJV4BAH601212Z',280,0,20,5686020627),('4140405851','RF263BEAESL/EM','JKWP4BBHC00252Y',200,0,20,5686021543),('4140406249','RS25J5008SP/EM','0AGE4BAH901099T',200,0,20,5686024713),('4140406641','WD22J9845KG/AX','0FE65AEH900152P',200,0,20,5686020627),('4140407451','RF263BEAESL/EM','JKWP4BBH800120F',360,0,10,5686021543),('4140407453','DV18H5000GW/AX','0AFE5BCHB00435J',200,0,20,5686019519),('4140407457','WF18H5000AW/AX','0DBU5AEHA00335V',200,0,90,5686019519),('4140408208','WD10J6410AW/AX','0E1U5ADGA00269E',300,0,20,5686019520),('4140414468','RT38K5982SL/EM','0AJV4BAH300169A',280,0,20,5686017957),('4140415737','UN55J5550AFXZX','06A83CAHB00069T',418.75,0,10,5686000063),('4140418029','SL-M2020/XAX','074FB8GH7B02WJR',308,0,20,5686000074),('4140420310','WF363BTBEWR/AX','Y7MA5AEF800623Z',300,0,20,5686019520),('4140420881','UN55KU6300FXZX','05N73CTH910935W',418.75,0,20,5686013176),('4140422152','UN32J4360AFXZX','06A33CGHA10461V',360,0,20,5686009917),('4140422641','UN32J4360AFXZX','06A33CGHA18815B',360,0,20,5686000030),('4140425596','RH77H90507H/EM','06DX43AHA00318L',240,0,10,5686023311),('4140426196','UN55KU6000FXZX','05SN3CDHA00977Y',418.75,0,10,5686000041),('4140428304','RT38K5710S8/EM','0AR94BAHB02600Y',200,0,10,5686023311),('4140430275','RF26HFENDSL/EM','0AFF4BBHB00333Y',200,0,20,5686021543),('4140433808','DV18H5000GW/AX','0AFE5BCHC00315M',200,0,20,5686021543),('4140433849','WA16F7L2UWW/AX','H0315BAF301039V',280,0,20,5686017957),('4140434657','UN50KU6000FXZX','05SF3CXH801280L',418.75,0,20,5686013176),('4140434958','UN50J5300AFXZX','04E93CBG601100A',418.75,0,20,5686000041),('4140435276','WF18H5000AW/AX','0DBU5AEHA00879D',200,0,20,5686000082),('4140435425','RH25H5613SL/EM','0AFN4BAH900086P',200,0,20,5686021543),('4140436112','WA14F5L2UWW/AX','H02Y5BAHA02237L',NULL,0,20,5686017957),('4140436395','WF18H5000AW/AX','0DBU5AEHA00194H',200,0,20,5686020627),('4140436642','RT38K5982SL/EM','0AJV4BAH400228B',280,0,10,5686024713),('4140436706','WA24F9A8DSP/AX','0CKT5AUH300174F',200,0,20,5686000082),('4140437098','WD22J9845KG/AX','0FE65AEH800345L',200,0,20,5686021543),('4140445065','UN50J5350AFXZX','05953CXGA03159J',418.75,0,10,5686000063),('4140447940','WD11J6410AX/AX','0E255ABH900242Y',200,0,20,5686024713),('4140448892','WD18H7300KP/AX','070U53AG900462Z',300,0,20,5686019520),('4140450370','WA19J6730LS/AX','0AP75BAH500355H',280,0,20,5686017957),('4140452086','DV21H7200GW/AX','0AHH5BBHA00007J',200,0,20,5686000082),('4140452798','DV18H5200GP/AX','0AFB5BCHC00153W',200,0,20,5686019519),('4140453037','WF18H5200AP/AX','0DBV5AEH800493N',200,0,20,5686019519),('4140454305','WD20J9810KW/AX','0G3Q5AEHB00294J',200,0,20,5686000082),('4140454940','RT46K6531SL/EM','0DUW4DBH801560R',200,0,20,5686021543),('4140457085','WA19J6750LP/AX','0ANE5BAHA00092X',200,0,20,5686000082),('4140457404','WF18H5200AP/AX','0DBV5AEGC00157W',300,0,20,5686020627),('4140457764','WD22J9845KG/AX','0FE65AEH900329T',200,0,20,5686000082),('4140459180','WD20J9810KW/AX','0G3Q5AEHA00320M',200,0,20,5686023311),('4140459556','RF260BEAESL/EM','JKWU4BBHC00215W',200,0,20,5686000082),('4140461374','BD-J5700/ZX','0A781RAH303294R',175,0,20,5686000030),('4140462974','WA21H7200AW/AX','0D0H5AEHB00250W',200,262,10,5686021543),('4140464362','WD22J9845KG/AX','0FE65AEHB00037W',200,0,20,5686000082),('4140464572','DV18H5200GP/AX','0AFB5BCH900133R',200,0,20,5686019519),('4140464593','WD10J6410AW/AX','0E1U5ABHA00153L',200,0,20,5686019519),('4140464741','WD11J6410AX/AX','0E255ABGC00395L',300,0,20,5686019520),('4140465177','RT32FBRHDSL/EM','JL974BAFB01287P',280,0,20,5686020627),('4140465346','WD22J9845KG/AX','0FE65AEH400247L',NULL,0,20,5686020627),('4140466065','WF18H5200AP/AX','0DBV5AEH800411M',200,0,20,5686019519),('4140466463','RT38K5982SL/EM','0AJV4BAH402426A',280,0,20,5686020703),('4140466472','DV18H5200GP/AX','0AFB5BBH800027X',200,0,20,5686021543),('4140466862','RS25H5005SL/EM','0AFW4BAH800101B',200,0,20,5686021543),('4140467198','WA21H7200AW/AX','0D0H5AEHB00280M',NULL,0,20,5686019519),('4140468111','WD22J9845KG/AX','0FE65AEH900017H',200,0,20,5686020627),('4140468673','RF260BEAESL/EM','JKWU4BBH900344E',200,0,20,5686023311),('4140478484','UN49KU6300FXZX','060D3CAHA01751M',418.75,0,20,5686013176),('4140481196','RT35K5932SL/EM','0ANP4BAH300386X',280,0,20,5686023311),('4140482144','RT35FEAJDSL/EM','JL6T4BAF502322N',280,0,20,5686019520),('4140482894','DV18H5000GW/AX','0AFE5BCH800013B',220,0,20,5686023311),('4140483223','WF18H5200AP/AX','0DBV5AEHA00155R',200,0,20,5686000082),('4140483389','DV18H5200GP/AX','0AFB5BCHC00041N',200,0,20,5686000082),('4140483543','WA21H7200AP/AX','0D0L5AEH900030F',200,0,20,5686021543),('4140483683','DV21H7200GP/AX','0AH95BBHB00067J',200,0,20,5686021543),('4140485295','UN32J4300AFXZX','04CC3CNH508819J',415,0,20,5686000063),('4140486193','UN48J6500AFXZX','03U63CAH300259Z',314,0,20,5686000041),('4140486314','RT35K5982SL/EM','0AMC4BAH302870V',280,0,20,5686019520),('4140487432','RF26HFENDSL/EM','0AFF4BAHC00367W',200,0,20,5686020627),('4140487686','HW-J6000R/ZX','0C5Z121H300047Z',215,0,20,5686000030),('4140488751','WA16F7L2UWW/AX','H0315BAF301039V',NULL,0,20,5686017957),('4140490626','WF18H5200AP/AX','0DBV5AEH900249E',200,0,20,5686000082),('4140491504','WF20H5700AP/AX','0CUR5AEHB00071F',200,0,20,5686024713),('4140493432','UN40K6500AFXZX','05RU3CUHA04195M',360,0,20,5686009917),('4140494725','RT35K5932SL/EM','0ANP4BAH600542W',280,0,20,5686024713),('4140495209','WD20J9810KW/AX','0G3Q5AEHA00872K',200,0,20,5686024713),('4140496458','UN49K6500AFXZX','05PX3CAH501411N',418.75,0,20,5686000063),('4140496620','WD11J6410AX/AX','0E255ABH801031D',200,0,20,5686000082),('4140497184','WF18H5000AW/AX','0DBU5AEH801055Z',200,0,90,5686024713),('4140497190','DV18H5000GW/AX','0AFE5BBHA00207Y',200,0,20,5686024713),('4140497435','WD11J6410AX/AX','0E255ABH900247B',200,0,20,5686000082),('4140505161','DV21H7200GW/AX','0AHH5BBH900040V',200,0,20,5686000082),('4140513504','WD15F5K5ASR/AX','070T53AH801437N',200,0,20,5686019519),('4140513971','WF18H5200AP/AX','0DBV5AEH800266D',200,0,20,5686020627),('4140517466','RF260BEAESL/EM','JKWU4BBHA00444R',200,0,20,5686021543),('4140517574','WF18H5200AP/AX','0DBV5AEHB00096N',200,0,20,5686000082),('4140517996','WA18J6710LW/AX','0AG75BAH900540W',NULL,0,20,5686017957),('4140519386','SL-M2070/XAX','06YBB8KH8D017RP',383,0,20,5686000074),('4140521236','WD18J7825KP/AX','08CT53AHB00106T',200,0,20,5686024713),('4140525326','UN40J5300AFXZX','04E83CSGA00883N',363.75,0,20,5686000030),('4140526741','DV18H5000GW/AX','0AFE5BBHA00211E',200,0,20,5686021543),('4140526767','WF18H5000AW/AX','0DBU5AEH900803D',200,0,20,5686021543),('4140526967','BD-J5700/ZX','0A781RAH104378K',130,0,20,5686000074),('4140527012','WD18J7825KP/AX','08CT53AH800559K',200,0,20,5686021543),('4140527140','DV363GWBEWR/AX','JLU15BBF300292M',220,0,20,5686020703),('4140527181','UN32J4300AFXZX','04CC3CHH502943N',360,0,20,5686000050),('4140527342','WD15F5K5ASR/AX','070T53AHB00147K',200,0,20,5686024713),('4140527666','UN32J4300AFXZX','04CC3CNH315959P',360,0,20,5686000030),('4140528058','WD11J6410AX/AX','0E255ABH901175T',200,0,20,5686024713),('4140528298','UN32J4300AFXZX','04CC3CFH304404R',360,0,20,5686000030),('4140528891','RS25H5005SL/EM','0AFW4BBH300195X',200,0,20,5686021543),('4140528968','WD20J9810KW/AX','0G3Q5AEHA00694D',200,0,20,5686024713),('4140529021','WF18H5200AP/AX','0DBV5AEHB00054X',200,0,20,5686000082),('4140529139','WD15F5K5ASG/AX','070R53AH900848J',200,0,20,5686024713),('4140529361','UN50KU6000FXZX','05SF3CNH903207M',418.75,0,20,5686000041),('4140531494','DV18H5000GW/AX','0AFE5BBH200032H',NULL,0,20,5686017957),('4140534875','WD11J6410AX/AX','0E255ABH801120A',200,0,20,5686000082),('4140546040','UN32J4360AFXZX','06A33CGH911506K',415,0,20,5686000063),('4140546718','MS402MADXBB/AX','J6VZ7WDH800851K',160,0,20,5686000063),('4140546985','RF263BEAESL/EM','JKWP4BBHC00166P',200,0,20,5686019519),('4140552682','WF18H5000AW/AX','0DBU5AEH900953J',200,0,20,5686024713),('4140553365','WF18H5200AP/AX','0DBV5AEHB00140W',200,0,20,5686019519),('4140553581','RS25H5005SL/EM','0AFW4BAHB00333H',200,0,20,5686019519),('4140553620','UN32J4300AFXZX','04CC3CFH110814M',415,0,20,5686000063),('4140554528','RF26HFENDSL/EM','0AFF4BBHA00525E',600,0,20,5686019520),('4140555694','WD20J9810KW/AX','0G3Q5AEHA01095N',200,0,20,5686019519),('4140555718','WA456DRHDWR/AX','Y7AU5AUF300049K',280,0,20,5686017957),('4140555718_RC','WA456DRHDWR/AX','Y7AU5AUF300049K',405,0,20,5686017957),('4140556014','WD20J9810KW/AX','0G3Q5AEHA00425B',200,0,20,5686000082),('4140556037','BD-J5700/ZX','0A781RAH100331T',175,0,20,5686000074),('4140556757','RF260BEAESL/EM','JKWU4BBHA00665N',200,0,20,5686017957),('4140558584','WF18H5000AW/AX','0DBU5AEHA00019V',200,0,20,5686000082),('4140559573','DV18H5000GW/AX','0AFE5BCHC00279B',200,0,20,5686000082),('4140561629','RH77H90507H/EM','06DX43AH900029B',200,0,20,5686021543),('4140561873','WF20H5700AP/AX','0CUR5AEH900225N',200,0,20,5686021543),('4140562017','DV20H5600GP/AX','0AEE5BBHA00093V',200,0,20,5686021543),('4140562474','WD22J9845KG/AX','0FE65AEHB00020A',200,0,20,5686000082),('4140562512','RS25J5008SP/EM','0AGE4BAHA00632Z',NULL,0,20,5686017957),('4140562816','WD15F5K5ASR/AX','070T53AHA00342W',200,0,20,5686020627),('4140563061','DV18H5200GP/AX','0AFB5BCH900012F',200,27.6,10,5686021543),('4140563069','WF18H5200AP/AX','0DBV5AEH800638A',200,0,20,5686021543),('4140563835','WD11J6410AX/AX','0E255ABH801192A',200,0,20,5686000082),('4140565839','RT29K5710SL/EM','0ANR4BAH402554V',280,0,20,5686017957),('4140566010','WD20J9810KW/AX','0G3Q5AEH800878M',200,0,20,5686019519),('4140566390','WF18H5000AW/AX','0DBU5AEHC00530F',200,0,90,5686000082),('4140566550','DV18H5000GW/AX','0AFE5BCHB00177W',200,0,20,5686000082),('4140566578','WD18H7300KP/AX','070U53AGC00370T',300,0,20,5686019520),('4140566903','WD15F5K5ASR/AX','070R53AH900721N',200,0,20,5686000082),('4140566904','RF26HFENDSL/EM','0AFF4BBHB01051F',200,0,20,5686019519),('4140566979','WD11J6410AX/AX','0E255ABH900059V',200,0,20,5686024713),('4140567365','WD11J6410AX/AX','0E255ABH801209E',200,0,20,5686021543),('4140567611','RF263BEAESL/EM','JKWP4BBHA00145L',200,0,20,5686024713),('4140568864','UN50J5300AFXZX','04E93CBH600736J',418.75,0,20,5686013176),('4140577549','RH77H90507H/EM','06DX43AH200028W',360,0,20,5686019520),('4140578174','WF20H5700AP/AX','0CUR5AEH300244W',220,0,20,5686020703),('4140578717','RF260BEAESL/EM','JKWU4BBF700009Z',360,0,20,5686019520),('4140579225','UN60J6300AFXZX','045T3CRHA01176K',418.75,0,20,5686000063),('4140581780','RT38K5982SL/EM','0AJV4BAH400670F',280,0,20,5686017957),('4140581881','RT35K5982SL/EM','0AMC4BAH301308F',280,0,20,5686019520),('4140583763','DV18H5200GP/AX','0AFB5BCHC00134L',200,0,20,5686019519),('4140584354','RT35K5982SL/EM','0AMC4BAH500236E',280,0,20,5686017957),('4140584943','UN55J5500AFXZX','03Q33CAHB00100K',418.75,0,20,5686000041),('4140586714','WD22J9845KG/AX','0FE65AEHB00036L',200,0,20,5686019519),('4140586758','RT38K5982SL/EM','0AJV4BAH301571W',280,0,20,5686017957),('4140586884','RF260BEAESL/EM','JKWU4BBHB00351Y',200,0,20,5686020627),('4140587435','WD20J9810KW/AX','0G3Q5AEHA00640P',200,0,20,5686019519),('4140587603','RS25J5008SP/EM','0AGE4BBH800170Z',360,0,20,5686023311),('4140587884','WD116UHSAGD/AX','Y7465ADF300009P',300,0,20,5686024713),('4140588032','SL-M2885FW/XAX','076QB8KH8F00JVH',237,0,20,5686000074),('4140591639','RT46K6531SL/EM','0DUW4DBH300436E',280,0,20,5686020703),('4140592102','RT38K5982SL/EM','0AJV4BAHB01029K',280,0,20,5686017957),('4140592459','DV18H5000GW/AX','0AFE5BBHC00030X',200,0,20,5686021543),('4140592590','WF18H5000AW/AX','0DBU5AEH900703N',200,0,90,5686021543),('4140593077','WA18F7G4UWW/AX','JLR05BAFA00351H',280,0,20,5686019520),('4140593698','RT38K5932SL/EM','0ANV4BAH200587R',280,0,20,5686023311),('4140594885','WF18H5200AP/AX','0DBV5AEHB00138H',200,0,20,5686000082),('4140597071','WF18H5000AW/AX','0DBU5AEHA00826L',NULL,0,20,5686020703),('4140597175','UN78JS9500FXZX','03Y83CAG600011P',445,0,20,5686000041),('4140597232','DV20H5600GP/AX','0AEE5BBFB00135Z',300,55.2,10,5686017957),('4140597519','WD22J9845KG/AX','0FE65AEH800372H',200,0,20,5686020627),('4140602316','WD15F5K5ASG/AX','070R53AHA00003L',200,0,20,5686020627),('4140602742','WD18J7825KP/AX','08CT53AHB00115X',200,0,20,5686019519),('4140602819','WF20H5700AP/AX','0CUR5AEHB00100M',200,0,20,5686019519),('4140603010','WD11J6410AX/AX','0E255ABH900067B',200,0,20,5686024713),('4140604916','WF18H5000AW/AX','0DBU5AEH801092F',200,0,20,5686019519),('4140605152','WF18H5200AP/AX','0DBV5AEH900490N',200,0,20,5686019519),('4140605692','RT53K6541SL/EM','0DCT4DBH100717F',280,0,20,5686019520),('4140605694','WA456DRHDSU/AX','Y76M5AED900067M',405,0,20,5686020627),('4140609937','UN60J6300AFXZX','045T3CDG900247N',418.75,0,20,5686013176),('4140610351','SL-M4580FX/XAA','07H6BJFG50005KB',284,0,20,5686000074),('4140610725','WF18H5200AP/AX','0DBV5AEHB00134K',200,0,20,5686019519),('4140610972','WA19F7L2UDW/AX','0ANC5BAHB02049M',280,0,20,5686017957),('4140610991','DV18H5200GP/AX','0AFB5BBHC00032B',200,0,20,5686019519),('4140612553','WA19J6730LS/AX','0AP75BAHC00015B',280,0,20,5686024713),('4140612754','SL-C430W/XAX','08PZB8GH1A00AAH',350,0,20,5686000074),('4140612802','WD11J6410AX/AX','0E255ABHC00409V',200,0,20,5686024713),('4140613056','WD20J9810KW/AX','0G3Q5AEHB00030R',200,0,20,5686000082),('4140613560','WF18H5200AP/AX','0DBV5AEH800141M',200,0,20,5686024713),('4140615120','RT53K6541SL/EM','0DCT4DBH200955H',280,0,20,5686020627),('4140616437','RT29K5710SL/EM','0ANR4BAH300038R',280,0,20,5686019520),('4140621550','RF31FMESBSL/EM','06M843BHA00042V',200,0,20,5686021543),('4140621686','RT35K5982SL/EM','0AMC4BAH400280X',NULL,0,20,5686019520),('4140623493','WF18H5200AP/AX','0DBV5AEH900651B',200,0,90,5686021543),('4140623656','WD22J9845KG/AX','0FE65AEHC00006X',200,27.6,10,5686021543),('4140624974','DV18H5200GP/AX','0AFB5BBHC00035E',200,0,20,5686019519),('4140625201','RT35K5982SL/EM','0AMC4BAHA02783F',NULL,0,20,5686020703),('4140625542','WA19J6750LP/AX','0ANE5BAHA00300E',280,0,20,5686024713),('4140626313','WD11J6410AX/AX','0E255ABH800739P',200,0,20,5686024713),('4140627192','WD22J9845KG/AX','0FE65AEH900128W',200,0,20,5686000082),('4140634923','WD15F5K5ASR/AX','070T53AHB00111M',200,0,20,5686024713),('4140636850','BD-J5700/ZX','0A781RBH802054W',130,0,20,5686009917),('4140637414','WA14F5L2UWW/AX','H02Y5BAH904660K',450,0,20,5686020627),('4140638161','RS25H5005SL/EM','0AFW4BAH800151M',360,0,20,5686023311),('4140639019','WD15F5K5ASG/AX','070R53AH900863H',200,0,20,5686000082),('4140641047','UN50J5550AFXZX','06A43CBH914540D',NULL,0,20,5686000063),('4140642770','WA14F5L2UWW/AX','H02Y5BAH300480Y',280,0,20,5686020627),('4140642907','DV18H5000GW/AX','0AFE5BAH400010H',300,0,20,5686020703),('4140646439','RT35K5982SL/EM','0AMC4BAH100054W',280,0,20,5686024713),('4140648641','WD22H9600KG/AX','0D0J5AEG900270R',200,0,80,5686019519),('4140648979','RT38K5982SL/EM','0AJV4BAH500287E',280,0,20,5686017957),('4140649107','RS25J5008SP/EM','0AGE4BAH600160H',360,244,10,5686023311),('4140649447','RF260BEAESL/EM','JKWU4BBH900204L',200,0,20,5686021543),('4140649954','WA16J6710LW/AX','0AG25BAH302325E',280,25.9,10,5686020703),('4140650463','RF261BEAESL/EM','0AJX4BBJ100361M',200,0,20,5686024713),('4140650582','WF363BTBEWR/AX','Y7MA5AEDA00780N',300,0,20,5686020627),('4140652340','WF18H5200AP/AX','0DBV5AEHA00172L',200,0,20,5686000082),('4140652363','WF18H5000AW/AX','0DBU5AEH801705E',300,0,90,5686020703),('4140652385','WF18H5200AP/AX','0DBV5AEHB00086Z',200,0,20,5686000082),('4140652412','DV18H5200GP/AX','0AFB5BCJ100078Y',200,0,20,5686000082),('4140652636','UN55JS7200FXZX','04YX3CYH401219W',418.75,77.6,10,5686000063),('4140661563','UN55JU6500FXZX','03VE3CAGB00953T',418.75,0,20,5686000041),('4140665613','DV18H5200GP/AX','0AFB5BCH800075H',120,0,20,5686020703),('4140666919','RT38K5982SL/EM','0AJV4BAHA00879F',280,0,20,5686017957),('4140666933','DV19J3000GW/AX','0AHU5BAH900044X',200,0,20,5686000082),('4140669161','RT29K5710SL/EM','0ANR4BAH307935X',280,0,20,5686017957),('4140669982','WD146UVHJSM/AX','Y43353AF800067D',300,0,20,5686024713),('4140670227','RF263BEAESL/AP','JKWP4BBH900615H',200,0,20,5686023311),('4140671186','WF18H5200AP/AX','0DBV5AEHB00123V',200,0,20,5686000082),('4140671931','RF260BEAESL/EM','JKWU4BBHB00142D',200,0,20,5686019519),('4140672258','UN50J5200AFXZX','061W3CBHA02999Z',418.75,0,20,5686000063),('4140674072','UN55KU6000FXZX','05SN3CAH401023M',418.75,0,20,5686000063),('4140676343','RF260BEAESL/EM','JKWU4BBH900346P',200,0,20,5686021543),('4140681113','RT29K5710SL/EM','0ANR4BAH601660L',280,0,20,5686019520),('4140682340','WA19F7L2UDW/AX','0ANC5BAH801182V',NULL,0,20,5686023311),('4140682514','UN32J4360AFXZX','06A33CGHA03350P',360,0,20,5686000030),('4140682704','DV363GWBEWR/AX','JLU15BBF100040X',NULL,0,20,5686020703),('4140683249','UN50J5300AFXZX','04E93CBG800967H',418.75,0,20,5686013176),('4140683871','WD116UHSAGD/AX','Y7465ADF300009P',NULL,0,20,5686019520),('4140683927','WD20J9810KW/AX','0G3Q5AEHA00617X',200,0,20,5686024713),('4140684908','RT29K5710SL/EM','0ANR4BAH500971H',280,0,20,5686019520),('4140686030','UN60J6300AFXZX','045T3CRHA00590L',314,0,20,5686000063),('4140686783','RT35K5932SL/EM','0ANP4BAH700035P',280,0,20,5686019520),('4140686915','UN49KU6500FXZX','05RT3CAHA02717X',NULL,0,20,5686000041),('4140688237','RT29K5710SL/EM','0ANR4BAH501483A',280,0,20,5686019520),('4140690145','WD22H9600KG/AX','0D0J5AEF800046W',300,45.7,10,5686017957),('4140690735','WF18H5000AW/AX','0DBU5AEH901823B',200,0,20,5686024713),('4140690737','DV18H5000GW/AX','0AFE5BCHB00445B',200,0,20,5686024713),('4140705666','RT38K5982SL/EM','0AJV4BAH900379F',280,0,20,5686019520),('4140705988','UN32J4300AFXZX','04CC3CGHC06448M',415,0,20,5686000063),('4140706681','WD22H9600KG/AX','0D0J5AEGB00133L',300,43.1,10,5686017957),('4140707077','WF20H5700AP/AX','0CUR5AEH900136W',200,0,20,5686019519),('4140707909','WD20J9810KW/AX','0G3Q5AEHB00006B',200,0,20,5686023311),('4140708332','RT38K5982SL/EM','0AJV4BAH701885M',280,63.8,10,5686017957),('4140711275','DV18H5200GP/AX','0AFB5BBHA00109H',300,0,20,5686019519),('4140711521','UN48JU6100FXZX','053Y3CAGA02657H',418.75,0,20,5686000063),('4140712776','DV18H5200GP/AX','0AFB5BBH700010R',300,0,20,5686019520),('4140714231','WD22H9600KG/AX','0D0J5AEGA00539K',300,0,20,5686017957),('4140715043','WD20J9810KW/AX','0G3Q5AEHB00463E',200,0,20,5686023311),('4140717062','WA456DRHDWR/AX','Y7AU5AEF200045R',280,0,90,5686019520),('4140718452','WD22J9845KG/AX','0FE65AEHC00016L',200,0,20,5686021543),('4140718930','RF221NCTASL/EM','JLGJ4BAHA01620E',200,0,20,5686020703),('4140719175','RT53H6631SL/EM','0BCM4DBF500768N',280,0,20,5686020627),('4140719404','WA16F7L2UWW/AX','H0315BBF800304D',450,0,20,5686017957),('4140719518','WA16J6710LW/AX','0AG25BAH305782D',450,0,20,5686019520),('4140719580','RT38K5932SL/EM','0ANV4BAH700686R',280,0,20,5686020627),('4140720195','WD116UHSAGD/AX','Y7465ADF200575W',300,0,20,5686019520),('4140721173','RT38K5932SL/EM','0ANV4BAH600202W',280,0,20,5686020703),('4140728447','WD22J9845KG/AX','0FE65AEH800158F',300,0,20,5686023311),('4140728698','RT35K5982SL/EM','0AMC4BAH900365L',550,18.9,10,5686023311),('4140729323','AME8114ST/XAX','0A4G7WRH205330K',160,0,20,5686013170),('4140729713','RT32K5710SL/EM','0ANS4BAH404541J',280,0,20,5686019520),('4140731522','BD-J5700/ZX','0A781RAH305990J',130,0,20,5686000030),('4140733905','BD-J5700/ZX','0A781RAH307894V',175,0,20,5686000030),('4140734425','RS25H5005SL/EM','0AFW4BAH900279F',200,0,20,5686023311),('4140734773','RF25HMEDBSL/EM','0AJQ4BBHC00013B',200,0,20,5686021543),('4140736706','WD11J6410AX/AX','0E255ABH900783R',200,0,20,5686020627),('4140737530','WF18H5000AW/AX','0DBU5AEH801676J',200,0,10,5686000082),('4140737801','DV18H5000GW/AX','0AFE5BCHB00478H',200,0,10,5686000082),('4140738552','RT53H6631SL/EM','0BCM4DBF700091R',NULL,0,20,5686023311),('4140742075','SL-C430W/XAX','08PZB8GGCA009BZ',350,0,20,5686000074),('4140744456','WA14F5L2UWW/AX','H02Y5BAF604990B',450,0,20,5686017957),('4140744961','RT35K5982SL/EM','0AMC4BAH201153H',280,0,20,5686017957),('4140747215','RF221NCTASL/EM','JLGJ4BAHA00139B',200,0,20,5686019519),('4140747280','WF18H5000AW/AX','0DBU5AEHC00543F',200,0,20,5686021543),('4140755893','UN48JU6150FXZX','05923CAG903687V',418.75,0,90,5686000041),('4140759342','DV18H5200GP/AX','0AFB5BAH500050P',300,0,20,5686020703),('4140762841','UN49KU6500FXZX','05RT3CAH600659P',418.75,0,20,5686009917),('4140763162','WA16J6710LW/AX','0AG25BAH700669W',280,0,20,5686020627),('4140765830','UN32J4300AFXZX','04CC3CNH327343Z',415,0,20,5686000063),('4140767453','UN32J4300AFXZX','04CC3CNH611273A',360,0,20,5686009917),('4140768211','SL-M4580FX/XAA','07H6BJFH10004FX',267,0,20,5686000074),('4140771524','WF22H6300AG/AX','0CCD5AEH200017K',200,0,20,5686021543),('4140771618','DV22H6300GG/AX','0ADR5BBHA00114K',200,12.9,10,5686021543),('4140772259','RT53K6541SL/EM','0DCT4DBH100342Z',280,0,20,5686017957),('4140773215','WF18H5000AW/AX','0DBU5AEGC00575L',450,0,20,5686017957),('4140773220','UN49KU6500FXZX','05RT3CAH800693J',418.75,0,20,5686013176),('4140773315','UN49KU6500FXZX','05RT3CAH600537L',418.75,0,20,5686000041),('4140773359','RF221NCTASL/EM','JLGJ4BAHA01852Z',200,0,20,5686000082),('4140773412','DV21H7200GW/AX','0AHH5BBHC00090P',200,0,10,5686000082),('4140773417','WA21H7200AW/AX','0D0H5AUH300237W',200,0,20,5686000082),('4140773421','UN55KU6400FXZX','05S43CAH500515L',418.75,0,20,5686000063),('4140773425','RT35K5932SL/EM','0ANP4BAH600782K',280,0,20,5686017957),('4140773694','DV18H5200GP/AX','0AFB5BCH400015D',300,0,20,5686017957),('4140781578','DV18H5200GP/AX','0AFB5BCHC00167T',200,0,10,5686021543),('4140781695','WF18H5200AP/AX','0DBV5AEHA00333D',200,52.6,10,5686021543),('4140787410','UN32J4300AFXZX','04CC3CGHC06730A',415,0,20,5686000063),('4140788168','WF18H5200AP/AX','0DBV5AEHA00307F',200,0,20,5686019519),('4140788219','WA14F5L2UWW/AX','H02Y5BAH600418A',280,0,20,5686017957),('4140790298','RT38K5982SL/EM','0AJV4BAH502021Z',280,0,20,5686020627),('4140792931','UN32J4000AFXZX','041V3CNH200427V',360,0,20,5686009917),('4140794494','DV20H5600GP/AX','0AEE5BBH600014Z',300,0,20,5686023311),('4140796668','WD11J6410AX/AX','0E255ABH900168P',200,0,20,5686023311),('4140797595','WF20H5700AP/AX','0CUR5AEH900130R',200,0,20,5686023311),('4140798149','RT53K6541SL/EM','0DCT4DBH400279E',280,0,20,5686019520),('4140798636','WD10J6410AW/AX','0E1U5ABH800323F',300,0,20,5686019520),('4140809011','RF260BEAESL/EM','JKWU4BBJ100150T',200,0,20,5686019519),('4140809534','WF18H5200AP/AX','0DBV5AEH900559K',200,0,20,5686024713),('4140813429','WF22H6300AG/AX','0CCD5AEH900297R',200,0,20,5686021543),('4140816055','DV18H5000GW/AX','0AFE5BCHA00212Y',200,0,10,5686019519),('4140816120','RH77H90507H/EM','06DX43AH900057Y',200,0,20,5686000082),('4140816179','WF18H5000AW/AX','0DBU5AEH800872T',200,0,20,5686019519),('4140817149','RT29K5710SL/EM','0ANR4BAH306677H',280,0,20,5686023311),('4140818167','UN58H5203AFXZX','036E3CRH501094X',418.75,0,20,5686000063),('4140818879','UN32J4300AFXZX','04CC3CFHC01675B',311.25,0,20,5686000063),('4140820267','SL-M2070W/XAX','06YCB8KH9D01G0J',407,0,20,5686000074),('4140820417','RF261BEAESL/EM','0AJX4BBH901201B',600,0,20,5686019520),('4140820452','UN55KU6500FXZX','05RX3CTHA01128T',418.75,0,20,5686000041),('4140820615','WF20H5700AP/AX','0CUR5AEH700133J',200,0,20,5686000082),('4140820693','WD20J9810KW/AX','0G3Q5AEH800405L',200,0,20,5686024713),('4140821406','WA14F5L2UWW/AX','H02Y5BAH904974Z',280,0,20,5686023311),('4140824747','WD15F5K5ASG/AX','070R53AH900012H',220,0,20,5686019519),('4140825005','WD15F5K5ASR/AX','070T53AHA00022P',300,0,91,5686019520),('4140825630','AME8114ST/XAX','0A4G7WRH201321V',160,0,20,5686009917),('4140826294','SL-M4580FX/XAA','07H6BJFHA0003CK',383,0,20,5686000074),('4140826623','WA19J6750LP/AX','0ANE5BAHC00006X',200,0,20,5686000082),('4140828833','RS25J5008SP/EM','0AGE4BAH500085Z',360,30.2,10,5686020703),('4140830520','DV18H5000GW/AX','0AFE5BBHA00187L',200,0,20,5686000082),('4140842416','WA18F7L2UWW/AX','0AEB5BBF400215X',200,0,20,5686019520),('4140843348','RH25H5613SL/EM','0AFN4BBH400255B',NULL,0,20,5686020703),('4140858125','RT38K5982SL/EM','0AJV4BAHA04117Y',200,0,20,5686023311),('4140858657','RT35K5982SL/EM','0AMC4BAH600545A',280,0,20,5686023311),('4140862110','UN55K6500AFXZX','05PY3CTHA01418D',418.75,0,20,5686013176),('4140868558','RT35K5982SL/EM','0AMC4BAH700046T',280,0,20,5686017957),('4140872273','DV21H7200GW/AX','0AHH5BBHC00068T',200,0,91,5686023311),('4140874509','UN48JU6100FXZX','053Y3CBH300877V',418.75,0,20,5686013176),('4140876240','UN50J5200AFXZX','061W3CBHB02242E',418.75,0,20,5686000063),('4140877635','WA21H7200AW/AX','0D0H5AEHA00050J',280,0,20,5686019520),('4140878236','SL-M2885FW/XAX','076QBJCH3000C3R',378,0,20,5686000074),('4140883774','DV18H5000GW/AX','0AFE5BCH800275J',300,0,20,5686023311),('4140883896','WF18H5000AW/AX','0DBU5AEHA00105D',220,0,20,5686023311),('4140885559','RT38K5982SL/EM','0AJV4BAH502800Z',280,0,20,5686024713),('4140888198','RT38K5982SL/EM','0AJV4BAH401220M',280,0,20,5686020703),('4140899502','SL-M4580FX/XAA','07H6BJFH600055Z',NULL,0,20,5686000074),('4140912419','WD15F5K5ASR/AX','070T53AH800976W',300,0,20,5686000082),('4140912632','WD22H9600KG/AX','0D0J5AEGB00144Z',300,0,20,5686017957),('GRMS 8873339','WD10J6410AW/AX','0E1U5ABH800229E',80,0,10,NULL),('GRMS 8952641','UN78KU6500FXZX','061F3CAH900305X',80,0,10,NULL),('GRMS 8955767','UN55KS7500FXZX','05RW3CCHA00852Y',80,0,10,NULL),('GRMS 9001790','UN55KS7500FXZX','05RW3CCHA01994L',80,0,10,NULL),('GRMS 9024294','UN78KU6500FXZX','061F3CAH900337N',80,0,10,NULL),('GRMS 9026633','UN55KS7500FXZX','05RW3CDHA00524W',80,0,10,NULL),('GRMS 9034901','MX-JS5500/ZX','0B4D12IG800118T',80,0,10,NULL),('GRMS 9034932','WD18H7300KP/AX','070U53AGA00711L',80,0,10,NULL),('GRMS 9048415','RT38K5982SL/EM','0AJV4BAH601117A',80,0,10,NULL),('GRMS 9056195','UN50KU6000FXZX','05SF3CBH900496H',80,0,10,NULL),('GRMS 9065109','RT38K5982SL/EM','0AJV4BAH202359Z',80,0,10,NULL),('GRMS 9073687','UN55KS7500FXZX','05RW3CCHA03074F',80,0,10,NULL),('GRMS 9091064','RF263BEAESL/EM','JKWP4BBFA00393N',80,0,10,NULL),('GRMS 9102491','WD11J6410AX/AX','0E255ABH901096A',80,0,20,NULL),('GRMS 9115947','RT38K5982SL/EM','0AJV4BAH300345J',80,0,10,NULL),('GRMS 9133139','UN60KU6000FXZX','05SH3CZH900227D',80,0,10,NULL),('GRMS 9133820','RT35K5982SL/EM','0AMC4BAH301483D',80,0,10,NULL),('GRMS 9148710','RS26DDAPN1/XEM','JJ9R4BBDB00935D',80,0,10,NULL),('GRMS 9228660','UN55KS9000FXZX','05H63CDH900409R',80,0,20,NULL),('GRMS 9236198','RT29K5710SL/EM','0ANR4BAH301041X',80,0,20,NULL),('GRMS 9244032','UN55KS7500FXZX','05RW3CCHA01996K',80,0,20,NULL),('GRMS 9257002','RT38K5982SL/EM','0AJV4BAH600125J',80,0,20,NULL),('GRMS 9263564','RT38K5982SL/EM','0AJV4BAH502206X',80,0,20,NULL);
/*!40000 ALTER TABLE `registro_gspn` ENABLE KEYS */;
UNLOCK TABLES;

--
-- Table structure for table `reporte`
--

DROP TABLE IF EXISTS `reporte`;
/*!40101 SET @saved_cs_client     = @@character_set_client */;
/*!40101 SET character_set_client = utf8 */;
CREATE TABLE `reporte` (
  `idreporte` bigint(30) NOT NULL,
  `fecha` date DEFAULT NULL,
  `tipo` varchar(15) DEFAULT NULL,
  `idtecnico` bigint(30) DEFAULT NULL,
  `semana` int(11) DEFAULT NULL,
  `comentario` varchar(50) DEFAULT NULL,
  `revision` tinyint(1) DEFAULT NULL,
  PRIMARY KEY (`idreporte`)
) ENGINE=InnoDB DEFAULT CHARSET=latin1;
/*!40101 SET character_set_client = @saved_cs_client */;

--
-- Dumping data for table `reporte`
--

LOCK TABLES `reporte` WRITE;
/*!40000 ALTER TABLE `reporte` DISABLE KEYS */;
INSERT INTO `reporte` VALUES (21637502152017984,'2017-02-15','E',216375,7,NULL,0),(94590274021520171,'2017-02-15','E',94590274,7,NULL,1),(7626376402152017699,'2017-02-15','LB',76263764,7,NULL,0);
/*!40000 ALTER TABLE `reporte` ENABLE KEYS */;
UNLOCK TABLES;

--
-- Table structure for table `servicios_cargo`
--

DROP TABLE IF EXISTS `servicios_cargo`;
/*!40101 SET @saved_cs_client     = @@character_set_client */;
/*!40101 SET character_set_client = utf8 */;
CREATE TABLE `servicios_cargo` (
  `folio` varchar(15) COLLATE utf8_spanish_ci NOT NULL,
  `modelo` varchar(20) COLLATE utf8_spanish_ci DEFAULT NULL,
  `serie` varchar(20) COLLATE utf8_spanish_ci DEFAULT NULL,
  PRIMARY KEY (`folio`)
) ENGINE=InnoDB DEFAULT CHARSET=utf8 COLLATE=utf8_spanish_ci;
/*!40101 SET character_set_client = @saved_cs_client */;

--
-- Dumping data for table `servicios_cargo`
--

LOCK TABLES `servicios_cargo` WRITE;
/*!40000 ALTER TABLE `servicios_cargo` DISABLE KEYS */;
INSERT INTO `servicios_cargo` VALUES ('003-XVIIP','PLE55S06UHD','P0994533ST000545'),('004-XVIP','AVH-4850BT','PBEY003909RD'),('005-XVIIP','PLE4806FHD','P0990715M000558'),('006-XVIP','DDJ-RD','PFMP015894NN'),('007-XVIIP','PL-E48S06FHD ','P098701SS003066'),('009-XVIIP','PLE-50S06UHD','P099595NX000297'),('018-XVIIP','PLE50S06UHD','P099595NX000231'),('044-XVIIF','LN32C540','Z1YQ3CFZ70023'),('067-XVIIF','SM-A500','RF8G5012W6N'),('082-XVIIF','UN48JU6500','03V63CAG200559D'),('089-XVIIF','VLEDTV4814','4199006003148509C23'),('101-XVII','UN32EH4003','Z6043CSDA04643H'),('110-XVIIF','UN32J4300','04CC3HG703448K'),('122-XVIIF','DVH-785','PHFY026826RZ'),('136-XVII','0','DIA00125485'),('164-XVII','MG1340NA','7GMW700549Q'),('166-XVII','SM-T560','R52H60CH07R'),('173-XVII','UN55HU9000','02AMMCCG100053W'),('185-XVII','PL51D450A2','Z39G3CQBB00945T'),('193-XVII','UN40F6400','Z77M3CTD900137WE'),('204-XVII','LN40B5300','AYM13CES801593B'),('2125-XVI','55UB8200','411RMCJ1F875'),('226-XVII','UN32F5500','Z79J3CED701407L'),('228-XVII','LN40R81','AHGQCLP900020M'),('229-XVII','BD-E5300/ZX','ZV711REC700582N'),('246-XVII','MT1099STD','05757DAL500388X'),('254-XVII','PL42Q91HDP','AHJB3CEPB00351F'),('255-XVII','LN32B360','AZDH3CRS800679H'),('321-XVIP','AVH-185DVD','PETM021157RD'),('331-XVIP','PLE50S06UHD','P098703NX000434'),('336-XVIP','PLE1903HD','P097291CM1908070');
/*!40000 ALTER TABLE `servicios_cargo` ENABLE KEYS */;
UNLOCK TABLES;

--
-- Table structure for table `servicios_tecnico_trabajados`
--

DROP TABLE IF EXISTS `servicios_tecnico_trabajados`;
/*!40101 SET @saved_cs_client     = @@character_set_client */;
/*!40101 SET character_set_client = utf8 */;
CREATE TABLE `servicios_tecnico_trabajados` (
  `folio` varchar(15) NOT NULL,
  `idtecnico` bigint(30) NOT NULL,
  `status` int(11) DEFAULT NULL,
  `mano_obra` int(11) DEFAULT NULL,
  `casetas` int(11) DEFAULT NULL,
  `desplazamiento` int(11) DEFAULT NULL,
  `partes_iva` int(11) DEFAULT NULL,
  `cobro` int(11) DEFAULT NULL,
  `observacion` varchar(200) DEFAULT NULL,
  `idreporte` bigint(30) DEFAULT NULL,
  `tipo` varchar(3) DEFAULT NULL,
  `garantia` tinyint(1) DEFAULT NULL,
  PRIMARY KEY (`folio`,`idtecnico`),
  KEY `idTecnico` (`idtecnico`),
  KEY `idreporte` (`idreporte`),
  CONSTRAINT `servicios_tecnico_trabajados_ibfk_2` FOREIGN KEY (`idtecnico`) REFERENCES `persona` (`idTecnico`) ON DELETE CASCADE ON UPDATE CASCADE,
  CONSTRAINT `servicios_tecnico_trabajados_ibfk_3` FOREIGN KEY (`idreporte`) REFERENCES `reporte` (`idreporte`) ON DELETE CASCADE ON UPDATE CASCADE
) ENGINE=InnoDB DEFAULT CHARSET=latin1;
/*!40101 SET character_set_client = @saved_cs_client */;

--
-- Dumping data for table `servicios_tecnico_trabajados`
--

LOCK TABLES `servicios_tecnico_trabajados` WRITE;
/*!40000 ALTER TABLE `servicios_tecnico_trabajados` DISABLE KEYS */;
INSERT INTO `servicios_tecnico_trabajados` VALUES ('003-XVIIP',216375,10,450,0,0,0,450,NULL,21637502152017984,'1',0),('004-XVIP',216375,10,300,0,0,0,345,NULL,21637502152017984,'1',0),('005-XVIIP',216375,10,0,0,0,0,450,NULL,21637502152017984,'1',0),('006-XVIP',216375,10,350,0,0,0,350,NULL,21637502152017984,'1',0),('007-XVIIP',94590274,10,450,0,0,0,500,'dddhthd',94590274021520171,'1',0),('009-XVIIP',94590274,10,459,0,0,0,500,'Cobro mal hecho',94590274021520171,'1',0),('018-XVIIP',216375,10,0,0,0,0,450,NULL,21637502152017984,'1',0),('044-XVIIF',216375,10,900,0,0,376,1276,NULL,21637502152017984,'1',0),('067-XVIIF',216375,10,200,0,0,0,200,NULL,21637502152017984,'1',0),('082-XVIIF',94590274,10,172,0,0,0,172,NULL,94590274021520171,'1',0),('089-XVIIF',94590274,10,1600,0,0,938,2800,NULL,94590274021520171,'1',0),('101-XVII',94590274,10,900,0,0,495,1500,'Falt agregar partes',94590274021520171,'1',0),('110-XVIIF',216375,10,900,0,0,434,1500,NULL,21637502152017984,'1',0),('122-XVIIF',216375,10,0,0,0,0,750,NULL,21637502152017984,'1',0),('136-XVII',94590274,10,680,0,0,0,750,NULL,94590274021520171,'1',0),('164-XVII',94590274,10,600,0,0,200,850,NULL,94590274021520171,'1',0),('166-XVII',216375,10,1000,0,0,1505,2505,NULL,21637502152017984,'1',0),('173-XVII',216375,10,1800,0,0,14336,16136,NULL,21637502152017984,'1',0),('185-XVII',216375,10,1600,0,0,868,2668,NULL,21637502152017984,'1',0),('193-XVII',216375,10,1200,0,0,424,1624,NULL,21637502152017984,'1',0),('204-XVII',94590274,10,1200,0,0,400,1700,NULL,94590274021520171,'1',0),('2125-XVI',216375,10,200,0,0,0,200,NULL,21637502152017984,'1',0),('226-XVII',216375,10,900,0,0,492,1392,NULL,21637502152017984,'1',0),('228-XVII',94590274,10,1200,0,0,500,1750,NULL,94590274021520171,'1',0),('229-XVII',216375,10,150,0,0,0,200,NULL,21637502152017984,'1',0),('246-XVII',216375,10,380,0,0,176,556,NULL,21637502152017984,'1',0),('254-XVII',94590274,10,1200,0,0,500,1750,NULL,94590274021520171,'1',0),('255-XVII',216375,10,900,0,0,352,1252,NULL,21637502152017984,'1',0),('321-XVIP',216375,10,345,0,0,0,345,NULL,21637502152017984,'1',0),('331-XVIP',216375,10,450,0,0,0,450,NULL,21637502152017984,'1',0),('336-XVIP',216375,10,350,0,0,0,350,NULL,21637502152017984,'1',0),('4139922698',76263764,10,255,0,25,0,0,NULL,7626376402152017699,'0',1),('4140093600',216375,10,364,0,0,0,0,NULL,21637502152017984,'0',1),('4140255606',216375,10,419,0,0,0,0,NULL,21637502152017984,'0',1),('4140282778',216375,10,364,0,0,0,0,NULL,21637502152017984,'0',1),('4140294419',76263764,10,255,0,25,0,0,NULL,7626376402152017699,'0',1),('4140353205',216375,10,0,0,0,0,0,NULL,21637502152017984,'0',1),('4140401363',216375,10,360,0,0,0,0,NULL,21637502152017984,'0',1),('4140404918',76263764,10,255,0,25,0,0,NULL,7626376402152017699,'0',1),('4140422641',216375,10,360,0,0,0,0,NULL,21637502152017984,'0',1),('4140465177',76263764,10,255,0,25,0,0,NULL,7626376402152017699,'0',1),('4140578717',76263764,10,335,0,25,0,0,NULL,7626376402152017699,'0',1),('4140605694',76263764,10,380,0,25,0,0,NULL,7626376402152017699,'0',1),('4140615120',76263764,10,255,0,25,0,0,NULL,7626376402152017699,'0',1),('4140637414',76263764,10,425,0,25,0,0,NULL,7626376402152017699,'0',1),('4140642770',76263764,10,255,0,25,0,0,NULL,7626376402152017699,'0',1);
/*!40000 ALTER TABLE `servicios_tecnico_trabajados` ENABLE KEYS */;
UNLOCK TABLES;

--
-- Table structure for table `tarifas`
--

DROP TABLE IF EXISTS `tarifas`;
/*!40101 SET @saved_cs_client     = @@character_set_client */;
/*!40101 SET character_set_client = utf8 */;
CREATE TABLE `tarifas` (
  `descripcion` varchar(80) COLLATE utf8_spanish_ci NOT NULL,
  `mano_obra` int(11) DEFAULT NULL,
  `revision` int(11) DEFAULT NULL,
  `categoria` varchar(10) CHARACTER SET latin1 DEFAULT NULL,
  `idTarifa` int(11) NOT NULL AUTO_INCREMENT,
  PRIMARY KEY (`idTarifa`)
) ENGINE=InnoDB AUTO_INCREMENT=64 DEFAULT CHARSET=utf8 COLLATE=utf8_spanish_ci;
/*!40101 SET character_set_client = @saved_cs_client */;

--
-- Dumping data for table `tarifas`
--

LOCK TABLES `tarifas` WRITE;
/*!40000 ALTER TABLE `tarifas` DISABLE KEYS */;
INSERT INTO `tarifas` VALUES (' DVD PORTATIL LCD',450,80,'VIDEO',1),('AMPLIFICADORES',550,80,'AUDIO',2),('AUTOESTEREOS CON CDS',400,80,'AUDIO',3),('AUTOESTEREOS CON DVDS PIONEER',700,80,'AUDIO',4),('BLU RAY',520,80,'VIDEO',5),('CAMARA FOTOGRAFICA DIGITAL',550,100,'VIDEO',6),('CAMARA FOTOGRAFICA DIGITAL SEMIPROFESIONAL',1000,150,'VIDEO',7),('DECKS',300,80,'AUDIO',8),('DVDS COMBOS',440,80,'VIDEO',9),('FAX SENCILLO',400,80,'OFICINA',10),('GRABADOR DE DVDS',440,80,'VIDEO',11),('HORNOS DE MICROONDAS',380,80,'MICROONDAS',12),('IMPRESORA LASER A COLOR',620,80,'OFICINA',13),('IMPRESORA LASER PARA ALTO VOLUMEN',750,80,'OFICINA',14),('IMPRESORA LASER SENCILLA B/N',400,80,'OFICINA',15),('MODULARES CON CDS O DVDS',480,80,'AUDIO',16),('MULTIFUNCIONAL LASER A COLOR ',720,80,'OFICINA',17),('MULTIFUNCIONAL PARA ALTO VOLUMEN',850,80,'OFICINA',18),('PANTALLA DE PLASMA DE 42&quot;',1200,150,'VIDEO',19),('PANTALLA DE PLASMA DE 42&quot; A 54&quot; COMBO',1600,150,'VIDEO',20),('PANTALLA DE PLASMA DE 47&quot;',1400,150,'VIDEO',21),('PANTALLA DE PLASMA DE 54&quot; A 56&quot;',1600,150,'VIDEO',22),('PANTALLA DE PLASMA DE 60&quot;  MAS',1800,150,'VIDEO',23),('PANTALLA DE PROYECCION DE 3 CAONES 42&quot; A 47&quot; COMBO',1400,150,'VIDEO',24),('PANTALLA DE PROYECCION DE 3 CAONES DE 47&quot;',1400,150,'VIDEO',25),('PANTALLA DE PROYECCION DE 3 CAONES DE 54&quot; A 56&quot;',1600,150,'VIDEO',26),('PANTALLA DE PROYECCION DE 3 CAONES DE 61&quot; O MAS',1800,150,'VIDEO',27),('PANTALLA DE PROYECCION TIPO DLP DE 42&quot;',1200,150,'VIDEO',28),('PANTALLA DE PROYECCION TIPO DLP DE 46&quot; A 56&quot;',1600,150,'VIDEO',29),('PANTALLA DE PROYECCION TIPO DLP DE 61&quot;  MAS',1800,150,'VIDEO',30),('RADIOGRABADORA CON CD',320,80,'AUDIO',31),('REPRODUCTOR DE  DVDS',320,80,'VIDEO',32),('REPRODUCTOR DE MP3 &quot;YEPP&quot;',320,80,'AUDIO',33),('REPRODUCTORES DE CDS DE CARRUSEL',460,80,'AUDIO',34),('REPRODUCTORES DE CDS PIONEER',520,80,'AUDIO',35),('REPRODUCTORES DE CDS SENCILLOS',400,80,'AUDIO',36),('SERVICIO A DOMICILIO A PANTALLAS DE 55&quot; A 60&quot;',200,0,'DOMICILIO',37),('SERVICIO A DOMICILIO A PANTALLAS DE 65&quot; A 75&quot;',300,0,'DOMICILIO',38),('SERVICIO A DOMICILIO A PANTALLAS DE 80&quot; A 90&quot;',400,0,'DOMICILIO',39),('SERVICIO A DOMICILIO A PANTALLAS HASTA 50&quot;',150,0,'DOMICILIO',40),('SERVICIO A DOMICILIO OTROS PRODUCTOS',80,0,'DOMICILIO',41),('SINTONIZADORES',300,80,'AUDIO',42),('TEATRO EN CASA',550,80,'AUDIO',43),('TV COLOR DE 5&quot; A 10&quot; CONVENCIONAL',250,80,'VIDEO',44),('TV COLOR DE 5&quot; A 10&quot; LCD',380,80,'VIDEO',45),('TV DE COLOR COMBO DE 21&quot; A 29&quot;',600,80,'VIDEO',46),('TV DE COLOR DE 12&quot; A 15&quot; LCD',450,80,'VIDEO',47),('TV DE COLOR DE 14&quot;  CONVENCIONAL',400,80,'VIDEO',48),('TV DE COLOR DE 17&quot; A 19&quot; LCD',550,80,'VIDEO',49),('TV DE COLOR DE 20&quot; A  21&quot; CONVENCIONAL',460,80,'VIDEO',50),('TV DE COLOR DE 20&quot; A 21&quot; LCD',620,80,'VIDEO',51),('TV DE COLOR DE 25&quot; A  29 &quot; CONVENCIONAL',560,80,'VIDEO',52),('TV DE COLOR DE 25&quot; A 27&quot; LCD',850,80,'VIDEO',53),('TV DE COLOR DE 32&quot; A 36&quot; CONVENCIONAL',640,80,'VIDEO',54),('TV DE COLOR DE 32&quot; LCD',900,150,'VIDEO',55),('TV DE COLOR DE 37&quot; A  42&quot;  LCD',1200,150,'VIDEO',56),('TV DE COLOR DE 47&quot; A 50&quot;  LCD',1600,150,'VIDEO',57),('TV DE COLOR DE 55&quot; A 60&quot;   LCD',1800,200,'VIDEO',58),('TV DE COLOR DE 65&quot; A 75&quot;   LCD',2800,300,'VIDEO',59),('TV DE COLOR DE 80&quot; A 90&quot;   LCD',3500,400,'VIDEO',60),('VIDEOCAMARA SEMIPROFESIONAL',1500,150,'VIDEO',61),('VIDEOCAMARAS ANALOGICA',560,100,'VIDEO',62),('VIDEOCAMARAS DIGITAL ',900,150,'VIDEO',63);
/*!40000 ALTER TABLE `tarifas` ENABLE KEYS */;
UNLOCK TABLES;

--
-- Table structure for table `user`
--

DROP TABLE IF EXISTS `user`;
/*!40101 SET @saved_cs_client     = @@character_set_client */;
/*!40101 SET character_set_client = utf8 */;
CREATE TABLE `user` (
  `rfc` varchar(15) NOT NULL,
  `password` varchar(15) DEFAULT NULL,
  `tipo` varchar(3) DEFAULT NULL,
  PRIMARY KEY (`rfc`)
) ENGINE=InnoDB DEFAULT CHARSET=latin1;
/*!40101 SET character_set_client = @saved_cs_client */;

--
-- Dumping data for table `user`
--

LOCK TABLES `user` WRITE;
/*!40000 ALTER TABLE `user` DISABLE KEYS */;
INSERT INTO `user` VALUES ('12','12','TEC'),('13','13','TEC'),('14','14','TEC'),('16','16','TEC'),('17','17','TEC'),('7C33','7C33','DIR'),('dfa16','dfa16','TEC');
/*!40000 ALTER TABLE `user` ENABLE KEYS */;
UNLOCK TABLES;

--
-- Dumping routines for database 'niesa'
--
/*!50003 DROP PROCEDURE IF EXISTS `retReport` */;
/*!50003 SET @saved_cs_client      = @@character_set_client */ ;
/*!50003 SET @saved_cs_results     = @@character_set_results */ ;
/*!50003 SET @saved_col_connection = @@collation_connection */ ;
/*!50003 SET character_set_client  = utf8 */ ;
/*!50003 SET character_set_results = utf8 */ ;
/*!50003 SET collation_connection  = utf8_general_ci */ ;
/*!50003 SET @saved_sql_mode       = @@sql_mode */ ;
/*!50003 SET sql_mode              = 'ONLY_FULL_GROUP_BY,STRICT_TRANS_TABLES,NO_ZERO_IN_DATE,NO_ZERO_DATE,ERROR_FOR_DIVISION_BY_ZERO,NO_AUTO_CREATE_USER,NO_ENGINE_SUBSTITUTION' */ ;
DELIMITER ;;
CREATE DEFINER=`root`@`localhost` PROCEDURE `retReport`(in idr bigint(20))
begin UPDATE servicios_tecnico_trabajados SET idreporte=NULL, status=1 WHERE idreporte=idr; DELETE FROM reporte WHERE idreporte=idr; end ;;
DELIMITER ;
/*!50003 SET sql_mode              = @saved_sql_mode */ ;
/*!50003 SET character_set_client  = @saved_cs_client */ ;
/*!50003 SET character_set_results = @saved_cs_results */ ;
/*!50003 SET collation_connection  = @saved_col_connection */ ;
/*!40103 SET TIME_ZONE=@OLD_TIME_ZONE */;

/*!40101 SET SQL_MODE=@OLD_SQL_MODE */;
/*!40014 SET FOREIGN_KEY_CHECKS=@OLD_FOREIGN_KEY_CHECKS */;
/*!40014 SET UNIQUE_CHECKS=@OLD_UNIQUE_CHECKS */;
/*!40101 SET CHARACTER_SET_CLIENT=@OLD_CHARACTER_SET_CLIENT */;
/*!40101 SET CHARACTER_SET_RESULTS=@OLD_CHARACTER_SET_RESULTS */;
/*!40101 SET COLLATION_CONNECTION=@OLD_COLLATION_CONNECTION */;
/*!40111 SET SQL_NOTES=@OLD_SQL_NOTES */;

-- Dump completed on 2017-02-24 14:14:52
